DISTRICT,PK,Water,Evergreen Needleleaf forest,Evergreen Broadleaf forest,Deciduous Needleleaf forest,Deciduous Broadleaf forest,Mixed forest,Closed shrublands,Open shrublands,Woody savannas,Savannas,Grasslands,Permanent wetlands,Croplands,Urban and built-up,Cropland/Natural vegetation mosaic,Snow and ice,Barren or sparsely vegetated
South Andaman,640,94.9,0.558938298,1920,1.489138014,3.624205439,27.7,0.18498276,0,11.6,1.80051124,0.933582375,282,10.6,13.1,59.6,0.075610981,0.491766814
Nicobar,638,99.6,0.374299839,1230,0.695424178,0.403166832,17.9,0,0,4.116979316,0,2.631591391,241,5.819983307,0.882904083,88.9,0.112487556,3.827190924
North & Middle Andaman,639,104,1.850699939,2640,1.946544788,5.453927571,38.6,0.40675801,0.231973699,64.5,3.050149075,1.000332616,340,7.759433101,0,161,0.447024278,0.094550569
Lawangtlai,287,0,0,1070,0,0,20.6,0,0,868,1.335547759,0,0.184117813,2.711482503,0,29,0,0
Lunglei,286,0,0,3890,0,0,44.3,0,0,565,0.819342409,0,0.230629065,1.947699496,0,17.3,0,0
Saiha,288,0,0,1730,0,0,65.8,0,0,167,0,0,0,1.52594059,0,6.949627269,0,0
Dibang Valley,257,30.1,689,44,1.886461617,2.189173768,3820,0,156,53.8,4.507496572,2020,0.464014137,0.454028983,0,6.494969789,578,3.794386721
Upper Siang,252,18.3,846,619,0.545952906,0.861887974,4400,0.244850103,32.5,25.6,1.331616781,610,27.4,1.53946935,0,2.152075663,184,0.820354427
Lower Dibang Valley,258,10.5,286,877,0.236435279,1.574909737,3350,5.824915756,80.1,232,16.8,392,19.9,109,2.96021476,278,24.6,1.8242872
Tuensang,267,0,2.683643126,1280,0,1.064316814,917,0,0,160,0.187649149,0.589836732,0,2.313232544,0,104,0,0
Mon,261,0,0,1390,0,1.212753302,95.9,0.18682699,0,262,2.867700758,0,0.799291615,3.468682312,0,79.9,0,0
Tirap,254,0,1.8560849,1710,0,0,216,0.231018596,0,82.3,0,0,0.23071795,0,0,22.6,0,0
Sivasagar,311,0.08448215,0,142,0,0,10.9,0.642405992,16,454,9.667729409,6.067682566,3.975133503,1460,9.204754999,517,0,2.053433525
Changlang,253,0.353063467,113,3150,0.176564326,0.238282207,1170,1.731685896,6.052941628,122,8.003504417,78,6.177488069,43.2,0,333,1.62522518,0
Lohit,259,2.833850445,86.9,0,0.194127036,2.141042005,1130,12.3,23.8,305,37.1,94.5,36.9,138,2.631680231,404,0.473582247,0.893446174
Anjaw,260,13.9,653,275,1.884283912,3.020089652,3930,6.266664025,58.9,79.2,5.653394356,1410,10.7,3.488674796,1.325143349,2.223536933,53,1.646184223
Tinsukia,309,10.9,0.176274443,826,0,0.237935099,104,14.8,45.1,1190,38.8,78.5,63,312,14.3,1070,0,20.1
Dhemaji,308,39.7,0.176531733,123,0,0.220235147,7.81525406,10.3,70,58.8,4.806753446,100,21,1190,1.44843547,942,0.220450742,41.3
Dibrugarh,310,128,0.238326519,179,0,0,24.4,14.5,154,563,23,203,24.7,812,28.9,1100,0,143
East Siang,251,3.080701974,26.9,1810,0,0.448781571,1090,16,15.7,163,21.7,37.2,88.1,131,4.324944201,320,0.39597354,11.4
West Siang,250,6.596442675,1130,2960,0.637850615,6.895678112,3380,1.042463714,5.065353362,65.5,4.37214274,230,20.8,21.2,0,62.8,40.8,0
Upper Subansiri,249,15.8,1650,1070,0.621177435,2.189685269,3050,0,33.5,17.7,3.414580649,337,1.554391033,4.090102321,0,2.084171412,207,14.9
Jorhat,312,98.1,0.177642285,199,0,0.177732105,18.8,8.987863232,146,249,6.824146185,170,17.3,1070,8.582071151,931,0.461619065,78.4
Lakhimpur,307,7.996995786,0.239304373,114,0,0,53.2,4.986486651,52,250,10.1,48.5,13.2,934,5.625292053,1370,0,17.9
Lower Subansiri,255,0,74.2,1200,0.697482221,0.424315077,1150,3.901135325,0.032701666,29.3,0,1.364064782,10.2,9.961440615,0,5.783861829,0,0
Papum Pare,248,1.535851691,271,2110,0,0,1140,0,0.444717921,120,4.483124219,2.011343756,1.807887993,24.9,7.917918763,98.4,0,0
Kurung Kumey,256,19.8,1540,565,0.429297589,1.073482709,3880,0,50.5,29.7,3.880817495,342,0.486828741,0.228907022,0,1.841593035,321,35.4
East Kameng,247,3.819072512,889,2230,0.609044165,1.228526725,2430,0.308820378,32.9,58.9,1.473704551,117,4.731590761,10.2,0,15.6,147,52.1
West Kameng,246,0.032509714,726,1090,0,6.685903603,2910,6.079959343,18.8,147,1.96260185,274,2.380827653,16.5,0.647198291,30.3,21.9,12.2
Tawang,245,5.82395333,458,3.559130782,0.555311704,14.9,845,3.660290388,32.5,46,3.175991011,836,0.55689638,1.810320023,0,46.9,33.4,25.8
Sonitpur,306,170,0.417210625,388,0,0.709797042,69.9,11.3,170,228,23.6,213,42.4,968,15,2800,0,96.1
Golaghat,313,48.1,0.231301456,134,0,0.409359207,44.5,5.003297306,52.5,448,35.9,82.1,50.6,856,2.137655623,1580,0,22.2
Karbi Anglong,314,0,0,5260,0,0.420758596,451,0.355252002,0.232230104,3300,14.8,0.700860109,0.932634746,580,7.623523347,800,0,0
Nagaon,305,3.52492533,0,308,0,0.666414796,87.8,0.917495621,11.4,441,13.6,17.5,42.8,2440,24.1,600,0,4.211675758
Marigaon,304,44,0,17.7,0,0,27.9,1.256913479,37.6,98.5,3.118046935,59.2,29.7,971,2.600419919,231,0,21.9
Jaintia Hills,299,0,0,1870,0,0,572,4.68572919,3.841809657,874,17.7,25.2,6.154291687,131,4.468607437,292,0,0
Dima Hasao,315,4.798937561,0,3190,0,0.359945454,235,3.228069287,0.188777156,1320,5.37207776,0,9.987100156,21.2,5.476342187,114,0,0.233644613
Dimapur,265,0,0.091836562,197,0,0.224114307,62.7,0,0.188119515,312,1.715674559,0.878279811,0,56,5.562699657,175,0,0
Peren,271,0,0.457896774,1320,0,0.179720801,141,0,0,233,0.466876276,0,0,6.787400356,0,40.1,0,0
Kohima,270,0,2.457563645,631,0,1.300935051,595,0.655268102,0,226,0.233078945,0.834977432,0,6.964630899,2.84510603,10.4,0,0
Wokha,264,2.688985021,0,1340,0,0,40.8,0,0,187,0.454789105,0.456117731,13.5,3.329713202,0,38.9,0,0
Phek,266,0,0.413450374,583,0,0.97997472,1340,0,0,112,0,1.347405861,0,2.157244739,0,15.8,0,0
Zunheboto,263,0,0,724,0,0.627411168,384,0,0,133,0,0,0,0.876963655,0,17.7,0,0
Mokokchung,262,0,0,1420,0,0.365868932,30.9,0.231902118,0,127,1.017337815,0.187451735,0,1.472404275,1.615564646,20.9,0,0
Longleng,268,0,0,463,0,0.452601399,26.5,0,0,56.1,0.577624395,0,0.162375788,0.348903424,0,17.1,0,0
Kiphire,269,0,1.340128414,380,0,0,640,0.350256638,0,84.1,0,2.172316915,0,3.58306001,0,37.7,0,0
Senapati,272,0,0.422840224,1300,0,1.062700169,1470,2.088167022,0.845500295,452,1.930649629,11.1,0,34.1,0,218,0,0
Ukhrul,279,0,0,2790,0,0.518575112,1410,0,0,216,0.883873546,3.748387402,0.225730391,7.534465186,0,26.9,0,0
Tamenglong,273,0,0.189057606,3780,0,0.596689975,205,0,0,154,2.048266113,0.597118006,0.841467441,3.218177898,0,51.1,0,0
Imphal East,278,0,0.005928119,83.5,0,1.056945189,40.1,0.781721041,0.24587385,115,1.058770302,11.9,57.4,340,41.5,228,0,0
Chandel,280,0,0,2620,0,1.866674891,278,0.416941981,0,205,0.471236562,1.460600029,0,14.6,0,57.6,0,0
Thoubal,276,0,0,36.4,0,0.235315095,21.3,0.92416756,0.480854725,67.9,1.214242194,18.5,54.6,302,2.355378731,207,0,0
Bishnupur,275,33.3,1.48831882,12.3,0.181240562,0,7.76374229,2.572559018,0,20.6,4.336578073,3.053562693,130,179,1.567289495,84.4,0,0
Churachandpur,274,0,0,4040,0,0.320624476,275,0.671635569,0.680296079,117,0.17495506,4.509576229,8.078550874,24.6,0.870712215,110,0,0
Champhai,284,0,0,3100,0,0.228099434,116,0.237061276,0.228268359,77,1.238852332,0.830988466,0,7.739130039,0,43.2,0,0
Aizawl,283,0,0,3530,0,0.783623403,30.7,0,0,122,0.555737266,0,0,5.485917776,4.802256742,35.1,0,0
Serchhip,285,0,0,1030,0,0,37.2,0,0,59.8,0.411469536,0,0,0.854661165,0,23.2,0,0
Mamit,281,0,0,2490,0,2.189471606,8.467014716,0,0,501,0.410164487,0,0,0,0.655554962,32.8,0,0
Kolasib,282,0.417518148,0,1270,0,0,3.24143999,0,0,42.8,1.986229461,0,13.5,1.067662261,0,14.6,0,0
Hailakandi,318,0.189776037,0,385,0,0.598197716,15.9,0,0,349,6.051923787,0,1.996448202,366,1.058369794,207,0,0
Karimganj,317,14.6,0,238,0,0.042672532,87,0,0,642,7.370269369,0,18.6,582,0,279,0,0
Cachar,316,0.632491924,0.180869546,1670,0,0.685976789,21.9,0,0,515,11,0,24.7,1050,18.3,466,0,0.189650763
Imphal West,277,0,0,240,0,0,0.676645599,0,0,21.9,1.529451726,0,0.142524311,4.072795063,0,32,0,0
Ri Bhoi,297,0.646283656,0.058579674,518,0,0.456791136,569,0.224406113,0,1120,5.940016349,0,8.289074728,33.4,0,167,0,0
East Khasi Hills,298,0,0.165743966,1030,0,1.784275362,652,11.8,0.96655757,661,3.748638143,99.2,5.627666496,80.9,33.3,223,0,0
West Khasi Hills,296,0,0,1920,0,16.3,1010,8.74131835,1.151755764,1990,7.437292493,37.2,1.871973437,79.6,0,154,0,0
West Tripura,289,0,0,153,0,1.073723135,114,0.455302002,0,2310,8.085368889,0,10.6,258,23.5,122,0,0
Dhalai,291,3.670929784,0,553,0,0.59194959,84.8,0,0,1500,1.483480009,0,18.5,37.1,0.46319069,55.5,0,0
North Tripura,292,0,0,440,0,1.250781368,111,0,0,1300,2.278527829,0.190425868,0.826223516,94.4,1.514261277,98.2,0,0
South Tripura,290,0.264067193,0.228177134,150,0,0.466074353,117,0,0,2600,7.701770004,0,19.4,159,0.693544076,84.1,0,0
South Garo Hills,295,0,0,780,0,7.769984896,176,0.18909595,0,850,4.248360233,0,2.490767704,28.6,0,73.4,0,0
East Garo Hills,294,0,0,354,0,1.380440294,89.6,0.422316802,0,2340,2.475175062,0,0,32.8,0,115,0,0
West Garo Hills,293,0,0,140,0,0.224909419,131,0.449155103,0.112542393,2660,4.01403195,0.092553354,1.648821648,166,1.527642277,242,0,0
Dhubri,301,86.7,0.233006134,6.262971638,0,0.464670511,14.8,5.674046495,124,74.9,0.722184425,205,24.6,1550,5.369240016,136,0.232869285,64.4
Goalpara,302,83.8,0,3.779793829,0,0.232359895,12.2,1.139756983,64.6,381,1.278551497,103,13.8,745,0.939384957,558,0,42.4
Bongaigaon,319,41.1,0,5.407131218,0,1.571228808,30,1.964906058,6.181901171,97.7,2.990297761,14.8,16.4,547,0,281,0,5.519808954
Chirang,320,0,0.180066837,216,0,2.963479121,112,0,1.733477993,143,46.4,8.424081213,1.290880902,287,15.9,897,0,0
Kokrajhar,300,0,0.00651692,574,0,0.186860162,232,0.266979502,2.110302349,390,7.606123026,5.397640352,6.968225287,366,6.005589855,1580,0,0
Barpeta,303,115,0,0.366582041,0,1.071057804,5.583567833,6.234639046,125,37.2,1.714158473,139,27.1,1700,8.475444954,95.1,0.187576714,51.8
Baksa,324,0,0.69377037,130,0,1.066983752,107,0.418086597,3.549718531,134,32.8,2.963507902,7.333054184,1110,0.05544881,840,0,0
Kamrup,321,53.1,0.232409021,145,0,0.488231471,88.4,2.516077931,54.7,627,5.694197367,55.4,32.7,1160,13.3,649,0,23.3
Kamrup Metropolitan,322,2.25489299,0,154,0.232513722,0.419993064,183,1.294723441,0.112720883,284,6.976210927,0.69350699,5.590939566,436,76.3,56.1,0,1.402761521
Nalbari,323,16.8,0,0.463661177,0,0.232131488,1.730952153,1.318927413,25.5,27.6,0.123947617,17.5,11,740,3.635813024,181,0,4.556523941
Darrang,325,87.9,0,4.528113845,0,0,11.4,1.651682153,74.3,20.8,4.771852318,106,12.4,1080,7.129750108,161,0,37.8
Udalguri,326,0,0,26.4,0,0.924415205,50.9,0.462178749,2.479095452,94.7,4.530371548,6.665434799,0.186544837,761,1.716980355,1090,0,0
Leh (ladakh),3,610,29.8,0,0,0,20.7,0.237496755,49.4,2.054185136,0.180607773,1860,0.893361526,75.1,1.626912244,0.246125092,8700,68900
Punch,5,1.343388574,144,1.410946958,1.883687017,1.916350937,639,19,7.870319164,261,4.638719997,316,5.304224538,783,1.276768211,210,0.288326789,0.009855253
Kupwara,1,7.661799913,612,0,1.560856184,0.222069888,337,1.881559244,36.7,77.4,4.011181291,543,1.923327827,364,0,17.7,3.541364079,0.889127869
Baramula,8,9.864142458,217,0.173495478,3.054409899,0.18613746,205,5.423973741,6.324686189,29,0.89707245,347,10.2,830,38.1,70.6,0.239055034,0.595842242
Bandipore,9,43.3,307,0,2.714948348,0.172931844,231,3.451477272,27.6,20.7,2.172342197,1340,7.610248177,139,0.839322019,27.8,76.8,66.9
Ganderbal,11,3.199525146,93.5,0,1.087971604,0.247311457,53.1,0,11.8,7.885605612,2.864171648,683,0.238962223,24.4,0,13.8,78.8,95.6
Srinagar,10,1.649791683,96.1,0,0.42076966,0.223087585,160,0.622474827,10.1,3.836578548,1.604027797,304,3.635124718,311,47.1,121,0.253274976,4.352613349
Badgam,2,1.251553633,114,0,0.223345523,0,59.4,0.190522133,3.188629286,10.6,0,452,1.446038506,554,45.3,35.4,6.439542462,1.118049011
Pulwama,12,0,27.2,0,0,0,51.8,0.353539981,1.786746234,2.439567317,0.435331517,51.4,0.24795791,426,6.237639352,45.2,0,0.305893125
Shupiyan,13,0,42.7,0,0,0,49.9,0.472876392,1.622965175,3.319284235,0.589278432,107,0,122,3.255457197,214,0.012432048,0
Rajouri,6,0.233000434,36.8,0.457979433,0.449864053,0.233296037,416,39.3,18.8,316,2.375132908,130,2.209219715,885,2.96487439,78.7,0,0
Kulgam,15,0.426683244,101,0,0.012036816,0.232327853,105,0,3.446053161,2.642583372,0,653,0,239,5.230025733,203,10.2,6.343275732
Anantnag,14,4.507365832,540,0,0.810911914,0.356464256,252,3.593174534,30.8,22.9,3.199544664,1300,0,619,25.1,118,122,99.6
Kargil,4,4.819652802,1.530414351,0,0,0,0,0,21.4,1.595407133,0.427588468,1930,0,23.6,1.314552359,0.181052257,2320,10600
Kishtwar,18,26.6,937,0,2.383095832,0.616747546,682,32.1,61.1,92.7,5.979816689,3220,4.286758206,209,0.466712128,106,2400,828
Lahul & Spiti,25,16,121,0,0.184499825,0,13.5,0,20.9,16.1,2.486654951,2440,0.23491437,14.4,0,3.610907373,4210,6970
Chamba,23,17.3,393,0.613614016,1.387014212,1.49579651,1560,46,59.2,456,8.296644885,2250,10.5,512,0.84038216,141,572,438
Kangra,24,165,28.9,0.430502323,0.641141114,1.292939212,2090,43.4,25.6,663,2.656408176,765,7.21829001,1200,3.031974988,409,203,118
Kullu,26,3.055185231,137,0.609974552,0.906551265,3.897091698,1690,5.713345067,36.7,249,3.839635099,1660,0.996468874,202,1.505285936,214,1110,194
Kinnaur,34,11.6,172,0,1.553989007,0,331,26.4,64.9,65.6,2.410899938,2070,0.950165648,45.5,0,12,1010,2650
Mandi,27,0,117,1.491680869,1.680693901,0.220705065,1780,29.6,2.42786294,938,4.899030003,211,3.504109195,613,1.441801036,248,0,0
Hamirpur,28,0,0,0,0,0.435547404,507,4.134725007,0.470937243,134,0.195529948,1.202935748,0.645422078,334,1.29786008,140,0,0
Solan,31,0,0.179471567,0.230134774,0,0,919,18,0.417896504,441,3.483374998,14.8,0.222259564,452,6.269657686,104,0,0
Bilaspur,30,42.5,3.916128306,0,0.775346467,2.740034112,517,14.7,0.445142112,216,0.36613407,2.064988004,8.45703043,254,0.229965011,105,0,0
Una,29,23.3,1.11461347,0,0.37405504,0.439133702,470,9.403829469,0,259,0.407263752,0.238097918,3.145061801,529,3.221085703,240,0,0
Rupnagar,51,0.22973494,0,0,0,0.14685291,88.1,0.943912594,0,16.4,0,0,0.706232667,1210,17.8,53.6,0,0.459490888
Shahid Bhagat Singh Nagar,39,0,0,0,0,0,25.4,0,0,6.403464591,0,0,0,1250,18.1,0.604878691,0,0
Shimla,33,0,290,1.288813814,0.656330175,0.187053334,2140,17.7,11.1,681,4.535591,1140,5.983456268,530,3.41459063,213,77.6,25.9
Sirmaur,32,0,18.4,0,0,0,1300,13.8,5.752433664,384,2.304303385,216,0.231281165,617,7.060414237,247,0,0
Uttarkashi,56,0.899708655,122,0,1.03717589,0.238802796,2470,24.1,25.2,530,4.87626658,1910,1.029411321,255,0.469732478,70.3,1260,1380
Chamoli,57,6.537959132,28.9,0.412878868,0.45478613,0,2330,12,23.8,545,4.527456168,2440,0.232786719,179,0.687656091,67.4,1560,641
Tehri Garhwal,59,8.114718914,6.445102274,0.223923301,1.596542881,1.153864941,2140,17.5,4.336346927,669,4.254589109,403,6.836916013,332,3.286573198,114,141,20.2
Rudraprayag,58,0,4.081544539,0,0.232021993,0.231563605,1050,4.698284109,3.554997033,192,0.223644218,324,0,67.6,0,38.7,137,13.3
Dehradun,60,0,46.6,0,0.410865661,0,1430,47.1,9.554615057,404,1.665757424,265,1.007115832,491,93.6,281,0,0
Garhwal,61,34.9,4.236622781,2.22723196,0.22527707,0.605832618,3370,35.6,17.3,947,8.581556345,396,16.2,452,5.418034221,172,0,0
Saharanpur,132,0,0,0,0,0.834786659,226,2.323337907,5.985034726,47.9,0,3.05397981,0,3270,89.8,78.9,0,0
Hardwar,68,0,0,0,0,0.879979566,362,3.822644907,8.622764107,81.1,0,15.7,0.232728857,1800,66.7,52,0,0.233837275
Muzaffarnagar,133,0,0,0,0,0,2.978935493,0,9.916435982,0,0,1.963300831,0.659521963,3740,152,144,0,0
Bijnor,134,0,0,0,0,0,196,3.88370011,4.220005184,41.1,0,3.030827742,0.468845449,3840,122,109,0,0
Almora,64,0,0,1.056649383,0,0.173373872,1230,35,6.586273163,805,5.0005981,218,0,548,2.677388766,249,0,0
Nainital,66,0.259528276,0,1.938189422,0,6.753542883,2680,37.1,3.542419669,584,1.114824933,19.1,2.862553794,448,16.6,336,0,0
Udham Singh Nagar,67,38,0.593558273,1.334905422,0.183214604,0.645994825,481,7.159748193,5.243988283,85.1,0.636949183,7.248561519,23.2,1840,41.6,217,0,0.42695268
Rampur,136,0,0,0,0,0,28.8,0,0,1.019779508,0,0.235746007,0,2500,38.5,3.27720527,0,0
Moradabad,135,0,0,0,0,0,0,0,0,0,0,0.226997283,0,3290,145,195,0,0
Bareilly,150,0,0,0,0,0,0,0,2.46081544,0,0,0.701166107,0,3680,97.8,3.303023283,0,0
Budaun,149,0,0,0,0,0,0,0.238006152,17.2,0,0,5.762575777,0,4990,60.4,0.657959395,0,0.090282287
Jyotiba Phule Nagar,137,0,0,0,0,0,0.183429999,0.235514672,15.2,0.227139141,0,5.896557015,0,1300,47,903,0,0
Bulandshahr,142,0,0,0,0,0,0.596307924,0,13.1,0,0,3.627872201,0,3450,88.6,4.17256284,0,0
Ghaziabad,140,0,0,0,0,0,0.183565716,0.926411623,5.603113218,0,0,1.367790643,0,1730,204,31,0,0
Meerut,138,0,0,0,0,0,1.718151329,0.226496945,12,0.182729702,0,1.645323951,0.645415481,2360,176,61.7,0,0
Baghpat,139,0,0,0,0,0,0,0,0,0,0,0,0,1260,40.8,32.4,0,0
Sonipat,76,0,0,0,0,0,0,0,0.601656953,0,0,0.183228574,0,2100,49.5,4.63593325,0,0
North West,90,0,0,0,0,0.227219441,0,1.008277376,0.47254601,0.183315331,0,4.575056837,0,237,183,16.2,0,0
Gautam Buddha Nagar,141,0,0,0,0,0,0,6.273297771,20.8,0.183787298,0,12.1,0.684598324,1210,101,53.6,0,0
Aligarh,143,0,0,0,0,0,0,0.229001912,3.402662359,0,0,1.800020754,0,3640,92.3,7.54686929,0,0.228473853
Faridabad,88,0,0,0,0,0,0,1.462738022,0.902520607,0.411866498,0,2.039133211,0,695,110,31.1,0,0
Palwal,89,0,0,0,0,0,0,0,0,0,0,0,0,1300,23.9,0,0,0
Mewat,87,0,0,0,0,0,0,0.46617031,0.228387606,0.421382224,0,0.193478377,0,1450,11,0,0,0
Gurgaon,86,0,0,0,0,0,0,1.559514836,12.7,0,0,3.309397357,0,1110,71.7,38.7,0,0
South,98,0,0,0,0,0,0,1.142854436,2.474263531,0.595480095,0,2.369447233,0.435412642,89.8,135,21.5,0,0
New Delhi,94,0,0,0,0,0,0,0.14101985,0,0,0,0,0,0.635067201,37.7,0,0,0
South West,97,0,0,0,0,0,0,2.513442582,5.510239979,0.227413878,0,4.719075002,0,228,187,7.21396831,0,0
Central,95,0,0,0,0,0,0,0.166095132,0.18363058,0.34289758,0,0,0,0.392083015,14,0,0,0
East,93,0,0,0,0,0,0,0,0,0.126318574,0,0.236160642,0,1.448562831,63.2,0.227440611,0,0
North East,92,0,0,0,0,0,0,0,0,0,0,0,0,3.286262536,59.2,0,0,0
North,91,0,0,0,0,0,0,0.061170118,0,0.002845912,0,0.821115319,0,6.614310608,61.6,0,0,0
West,96,0,0,0,0,0,0,0.966356886,1.350569184,0,0,1.031510145,0,18.9,98.3,1.599989469,0,0
Jhajjar,83,0,0,0,0,0,0,0.183565716,4.052848823,0,0,0.911499708,0.603979847,1900,34.6,1.197408175,0,1.234850243
Alwar,104,0,0,0,0,5.466191341,62.5,0.627216379,1.160260565,42.8,0,1.718586757,0,8090,40.9,58.8,0,0.379853587
Rewari,85,0,0,0,0,0,0,0,0.184396515,0,0,0,0,1470,23.7,0,0,0
Rohtak,82,0,0,0,0,0,0,0,0.872412262,0,0,0.183315479,0,1670,50.8,0.23557056,0,0
Bhiwani,81,0,0,0,0,0,0,0,29.6,0,0,0.227387291,0,4550,44.8,1.04783936,0,0
Jind,77,0,0,0,0,0,0,0,0.869339895,0,0,0,0,2680,25.9,0,0,0
Panipat,75,0,0,0,0,0,0,0,3.072966123,0,0,1.162932482,0,1160,42.1,22.4,0,0
Karnal,74,0,0,0,0,0,0,0,0.359337907,0,0,0,0,2590,44.8,0.233704319,0,0
Kaithal,73,0,0,0,0,0,0.320743895,0,0,0.233103844,0,0.181614284,0,2260,34.5,0.233513481,0,0
Kurukshetra,72,0,0,0,0,0,0.32666255,0,0,0,0,0,0,1540,30.4,0,0,0
Patiala,48,0,0,0,0,0,0.412147709,0,0.180981571,0.180748521,0,0,0,3230,98.6,0,0,0
Ambala,70,0,0,0,0,0,0,0,0,0,0,0,0,1440,65.4,3.843714966,0,0
Yamunanagar,71,0,0,0,0,0,107,0.256664758,3.023000134,6.487450132,0,2.015094108,0,1490,42.6,87.7,0,0
Panchkula,69,0,0,0,0,0,190,1.154677569,0,39.2,0,0.179869415,0,509,22.5,86.7,0,0
Sahibzada Ajit Singh Nagar,52,0,0,0,0,0.188234314,45.7,0.007859378,0,7.331050792,0,0,0.188234471,967,52.8,34.6,0,0
Chandigarh,55,0,0,0,0,0,0.460897444,0.643059313,0,0.766019743,0,0,0,19.1,91.6,5.283873926,0,0.411226245
Fatehgarh Sahib,40,0,0,0,0,0,0,0,0.180059994,0,0,0,0,1130,17.5,0,0,0
Ludhiana,41,0,0,0,0,0,0,0,0.462070307,0,0,0.231005718,0,3400,185,3.788132254,0,0
Sangrur,53,0,0,0,0,0,0,0,0,0,0,0,0,3550,52.6,0,0,0
Barnala,54,0,0,0,0,0,0,0,0.421350292,0,0,0,0,1470,13.7,0,0,0
Moga,42,0,0,0,0,0,0,0,0.376693393,0,0,0.222582461,0,2320,22.6,0,0,0
Bathinda,46,0,0,0,0,0,0,0,3.999263706,0,0,0.656436273,0,3300,65.4,0,0,0
Faridkot,45,0,0,0,0,0,0,0,0,0,0,0,0,1420,26,0,0,0
Mansa,47,0,0,0,0,0,0,0,0.423238551,0,0,0,0,2200,14.6,0,0,0
Fatehabad,78,0,0,0,0,0,0,0,1.742405588,0,0,0,0,2380,23.2,0,0,0
Sirsa,79,0,0,0,0,0,0,0,38.5,0,0,0,0,4170,29.5,0,0,0.243232345
Hisar,80,0,0,0,0,0,0,0,20.2,0,0,0,0,4120,59.1,0,0,0
Mahendragarh,84,0,0,0,0,0,0,0,0.378091164,0,0,0,0,1910,17.2,0,0,0
Jhunjhunun,103,0,0,0,0,0,0,0,246,0,0,6.443208894,0,5600,65.4,0.465992517,0,0
Churu,102,0,0,0,0,0,0,0,7780,0,0,64,0,5920,68.9,14.7,0,40.9
Sikar,111,0,0,0,0,0,0,0,515,0.414133273,0,105,0,7020,54.9,0.228604935,0,0
Hanumangarh,100,0,0,0,0,0,0,0,4000,0,0,17.2,0,5790,62.2,1.296774046,0,57.2
Bikaner,101,0,0,0,0,0,0,0,17000,0,0,144,0,2830,138,13.7,0,10100
Ganganagar,99,0,0,0,0,0,0,0,2810,0,0,1.330784247,0,7170,69.6,3.448891232,0,625
Muktsar,44,0,0,0,0,0,0,0,1.354552433,0,0,0,0,2570,37.3,0.687355272,0,0
Firozpur,43,0.23038329,0.597320504,0,0,0,0.902113062,0,1.056465164,0,0,0.361116401,6.241894067,5060,68.1,66.2,0,0
Amritsar,49,0,0,0,0,0,0.870769747,0,0.373508372,0,0,1.222005002,0,2550,99,13.3,0,0
Gurdaspur,35,6.441305123,0.234708395,0,0,0,162,5.289360418,1.235856885,17.2,0,6.277769216,0.835729214,3290,43.5,84.3,0,0.319315431
Tarn Taran,50,0.073994487,0,0,0,0,0.000133827,0,0,0,0,0,3.535112993,2370,21.7,0.297986731,0,0
Kapurthala,36,0.395171575,0,0,0,0,0.266649524,0,0.113238398,0,0.230323294,0.264829567,10.6,1620,25.8,0.363145062,0,0
Jalandhar,37,0,0,0,0,0,0,0,0.459771157,0,0,0,0,2490,100,19.3,0,0
Hoshiarpur,38,0.002886213,0,0,0,0,398,1.27320286,0,80.3,0.081937459,0.437005139,0.511088169,2690,31.8,168,0,0.194268834
Kathua,7,13.8,17.9,0,0.235547987,0,595,24.6,6.478593994,189,2.409385341,134,10.3,1060,7.771159316,296,0,0.984154445
Samba,22,0,0,0,0,0,94,1.302193446,0.234925737,4.626981087,0,0,0,827,3.621989729,51.4,0,0
Jammu,21,0,0,0,0,0,143,5.630586716,3.469173108,53.1,0.184048976,4.521312361,0,1460,119,213,0,0
Udhampur,19,0.451785349,194,0,0.410352819,0.644948525,508,39.3,5.561876289,262,2.708251791,282,6.021411082,894,4.645873318,198,0,1.072103729
Doda,16,1.349512412,682,0,1.336386001,0.192414888,522,47.9,38.6,102,6.917999412,336,17.6,230,0,91.2,0,3.791991802
Ramban,17,0.507438574,190,0,1.74067705,0.40831105,192,56,6.951296809,80.4,2.166694375,262,5.903645504,264,0,50.4,0,0.084106681
Reasi,20,1.072092717,108,0.175054398,0.991044424,0,693,60.7,11.1,380,4.969531724,321,11.2,601,1.956707435,88,0.397321649,1.616390458
Jaisalmer,114,0,0,0,0,0,0,0,11400,0,0,337,0,259,22.3,12.8,0,26400
Jodhpur,113,0,0,0,0,0,0,0,9240,0,0,266,0,9670,122,39.6,0,3530
Nagaur,112,2.052612386,0,0,0,0,0.409670343,0.239644025,3230,0,0,364,0,13800,117,48.4,0,130
Barmer,115,0,0,0,0,0,0,0,20700,0,0,361,0,6350,49.7,137,0,776
Pali,118,0.640315036,0,0,0,2.542487437,42.3,0.649317284,99.5,88.2,0,166,1.578555216,11800,33.2,70.4,0,3.384679208
Jalor,116,0,0,0,0,0,0,0,540,0,0,134,0,9920,36.6,1.658100971,0,102
Sirohi,117,0,0,0,0,4.435989502,70.4,3.409817784,137,232,0.660885638,89.7,0.470191229,4340,19.7,258,0,1.660829647
Udaipur,130,9.616547723,0,0,0,21.3,531,11.7,511,2260,4.849000765,149,8.414296317,7940,50,418,0,3.314224399
Banas Kantha,469,9.898722115,0,0,0,0.417322772,6.646518644,1.331532392,374,17.5,0,104,0.181422139,9940,31.9,120,0,46.8
Kachchh,468,6080,0.192408112,71.4,4.274776278,0,20.6,23.7,9790,53.5,0.685843921,4470,56.1,8240,71.9,2100,93.7,11100
Jamnagar,477,259,0,4.014991686,1.262817464,0,3.71362814,19.5,509,8.346048879,0.598799932,401,101,8500,138,819,2.838537623,137
Porbandar,478,55.8,0,0.461896069,0,0,2.571500304,28.1,67.5,5.561410717,0.185095371,53.3,5.425488401,1780,21.5,262,0,7.285609293
Rajkot,476,30.8,0,1.241870325,0.147644514,0.415844805,9.401833558,6.684971483,166,7.464708217,0.922973818,49.7,1.774876918,8810,316,1770,0.645373907,26.9
Junagadh,479,23.9,0,0,0.369217171,14.9,251,16.7,17.4,703,37.9,21.3,6.652630822,3510,77,3590,0,4.862512843
Amreli,480,16.7,0,0.923679963,0.649344652,0.730679638,14.3,7.875405958,21,37,1.376160188,50.4,3.368857258,6380,200,1120,0.066444097,51.2
Surendranagar,475,12.8,0.376256617,0,0,0,1.274692282,21.7,853,2.443167566,0.229353394,253,2.784866168,8460,109,786,0,3.261588211
Bhavnagar,481,140,0,1.755019121,0.317524421,0.185610259,3.136519592,7.074453333,165,15.4,0.648933604,240,4.125288887,6130,264,1340,2.253406541,61.1
Ahmadabad,474,56.3,0,0,0.184486265,0,1.634558994,4.420996868,509,2.803638945,0,266,9.548162628,6130,283,736,0.969645449,18.3
Patan,470,0,0,0,0,0,0.18199481,0.455602002,627,0,0,260,0,4610,26.5,89.1,0,32.3
Mahesana,471,1.009767343,0,0,0,0,0,0.72977825,3.293730907,0,0,0.228563467,0,4330,42.4,39.8,0,1.438925551
Gandhinagar,473,0,0,0,0,0,0,0,1.648544103,0,0,0.183090562,0,2020,60.4,54.6,0,0
Sabar Kantha,472,8.348147211,0,0.228507637,0,7.890939952,72.9,9.516446186,10.5,64.1,0.227407573,0.647873616,1.063966849,6940,33.3,277,0,2.950893778
Dungarpur,124,3.173350107,0,0,0,0.237053375,1.046570798,11.5,12.5,56,0,7.179535885,2.522072688,3400,7.115524134,286,0,2.711426387
Kheda,483,0,0,0,0,0.183306572,0,0.39703435,0.616668831,0,0,2.287595143,1.286840649,3920,39,32.2,0,0.229803203
Panch Mahals,484,23.5,0.18322917,0.466098905,0,1.01116022,13.9,23.4,12.6,36,0.689135796,5.39673349,6.842114444,4400,34.7,734,0,8.355400186
Vadodara,486,10.4,0,0.796195384,0,1.881016565,14.7,3.903537197,10.1,11.6,0.903330445,9.540527978,7.118240514,6080,234,1130,0,7.695116084
Anand,482,71.9,0,0,0,0,0,1.573660666,87.6,0,0,89.3,6.642850292,2440,66.2,122,0.679486271,27.1
Bharuch,488,78,0,1.755864028,0.487991837,0,4.020780566,1.756232856,198,2.617967334,0,259,4.825483207,3010,279,1380,0.424981672,62.6
Narmada,487,75.5,0,0.301562481,0,19,160,15.5,2.276063852,423,14,4.129672066,18.2,1470,15.2,603,0,6.772598801
Nandurbar,497,1.236620602,0,1.301646292,0,6.697758441,89.5,21.1,5.605580295,625,15.2,3.005787864,4.417189904,2700,93.6,2330,0,4.317183186
Alirajpur,465,0.710607347,0,0.616478379,0,4.679803741,74.6,10.2,14.2,74.4,2.409065214,8.987346153,2.376619009,2560,2.31005298,585,0,5.219601732
Jhabua,464,0,0,0,0,0,0,0.458175684,4.509894267,26.6,0,0.991993307,0,2710,8.057087786,681,0,0
Dohad,485,0,0,0,0,2.078892794,55.3,1.751226097,11.5,31.5,0,10.3,0,2940,17.2,525,0,0.847673094
Banswara,125,30.3,0.237281926,0.456134766,0,0,1.296059418,21,5.594649326,47.2,0,6.010336428,1.067782344,3660,15.8,704,0,8.740937569
Ratlam,434,0,0,0,0,0,0,1.353383088,0.227978784,2.1640408,0,0.365796782,0,4610,64.7,148,0,0.594399136
Dhar,438,1.886113564,0,0,0,0.697367922,2.125686104,7.499582003,4.62317731,10.2,0,8.319386565,0.548112233,7470,126,510,0,13.2
Barwani,441,0,0,0.204641093,0,6.550585891,8.40661325,4.482968354,3.138921861,200,3.866088292,14.7,0.269566258,3050,53.9,2080,0,3.687412932
West Nimar,440,1.57301001,0,0,0,12.7,27.8,7.384680688,1.624276406,458,0.878083096,6.603559516,0.414781118,5960,97.9,1480,0,4.860333637
Indore,439,0.421901106,0,0,0,8.381756363,30.6,1.112366515,0,290,0,0,0.229353394,3140,281,161,0,0.557569229
East Nimar,466,407,0,5.021859829,0,45.6,210,141,11,2010,1.240157033,29.3,17.9,2970,52.1,1520,0,24.4
Dewas,437,17.9,0.184134028,0.133502973,0,33.2,36.2,12,6.968458756,1350,1.738224797,4.091785303,0.244849532,4740,43.7,710,0,0.891892713
Ujjain,435,0,0,0,0,0,0,0,0,1.681371907,0,0,0.228716992,5970,102,16.6,0,0.228695952
Sehore,445,2.355442322,0,0,0,14.4,66.6,9.499685079,3.121111156,1040,0,2.29532481,2.713230596,5110,30.5,283,0,1.521598637
Shajapur,436,0.191869566,0,0,0,0,0,2.769677547,0,6.987882356,0,0.227843984,0,6180,28.7,84.5,0,0
Rajgarh,442,0,0,0,0,7.737848946,0.820082769,0,0.181966333,67.2,0,0.227191602,0,5830,21.1,198,0,0
Mandsaur,433,99.1,0.462328959,0,0,0.461352448,3.874600028,8.185969082,78.9,145,0,141,3.001116267,4870,42.6,247,0,1.530998127
Pratapgarh,131,1.075767874,0,0,0,14.5,48.1,10.5,39.6,764,2.904544153,22.6,0,2770,7.469941051,622,0,2.990003229
Jhalawar,129,0,0,0,0,4.555307232,1.260147499,3.465281151,44.5,251,0,63.2,0.226579922,5120,26,741,0,0.689774217
Kota,127,0,0,0,0,0,2.152196169,0,176,168,0.234251903,583,0,4280,84.3,215,0,0.922714686
Baran,128,0,0,0,0,6.327956593,3.080463205,0.694970846,141,530,0,409,0,5510,18.3,201,0,0.181028833
Chittaurgarh,126,121,0,3.281073803,0,7.581292357,30.9,15.9,638,419,0.453129121,653,10.1,5460,19.5,257,0,9.318747185
Neemuch,432,61.8,0,0,0,2.210408645,2.752690956,5.371898937,295,350,0,382,1.339746587,2720,14.7,321,0,3.586246916
Rajsamand,123,0.838726918,0,0,0,3.11238847,62.1,1.128014724,646,319,0.189424551,704,1.229494886,2940,7.098435298,103,0,11.2
Bhilwara,122,0,0,0,0,0,0.234299017,1.563617947,257,58.7,0,1870,0.879505919,8120,35.7,118,0,0.188223218
Ajmer,119,0,0,0,0,0,11,0.420080139,232,5.876576257,0,1500,0.403731411,6570,66.1,122,0,22.3
Jaipur,110,3.10626574,0,0,0,1.430816014,9.288971865,0.177700347,38.4,9.826709707,0,221,0,10700,226,14.6,0,45.7
Tonk,120,13.6,0,0,0,0,0,2.033281644,28.1,2.242767452,0,371,1.110725667,6780,18.2,24.4,0,10.5
Dausa,109,0,0,0,0,0,0,0,0.051089359,1.840478926,0,2.575880258,0,3460,9.578303256,0.19170091,0,0
Sawai Madhopur,108,0,0,0,0,0.223897686,10.1,0.108444833,62.7,123,0,72.9,0,4630,21.7,112,0,2.67000468
Bundi,121,0.014967978,0,0,0,2.319959836,16,1.637111776,120,78.5,0,357,0.413465756,4910,22.2,76.2,0,0.233692611
Sheopur,418,0,0,0,0,155,13.7,1.859667347,713,2960,0,766,0.413446834,1910,5.178715131,23.1,0,0
Shivpuri,423,43.1,0.648736741,1.187275539,0,41.5,35.6,20.2,433,2440,0.348175985,519,10.3,6580,16.6,327,0,4.899830139
Guna,458,0.190185697,0,0,0,22.4,17.6,0.697578144,25.8,968,0,18.4,1.005252393,4910,30.2,307,0,0.235460405
Gwalior,421,9.007238387,0,0.223352075,0,39,6.691724402,8.506856303,458,615,0.224213984,265,0.376680812,3630,101,79.9,0,2.946266284
Morena,419,0,0,0,0,0.77792646,1.346148741,2.811524638,373,173,0,364,0,4010,27.3,29.3,0,0.043907199
Dhaulpur,106,0,0,0,0,0.818378177,0,1.126510231,204,34.9,0,154,0,2590,11,35.7,0,0
Karauli,107,0,0,0,0,1.393900232,0.223547481,1.570698629,816,95.7,0,517,0,3430,7.971395709,67.7,0,0.418764455
Bharatpur,105,0,0,0,0,0,0,0.408638797,12.3,0.459195207,0,33.8,0,4950,55.6,0,0,0
Mathura,145,0,0,0,0,0,0,0,0,0,0,0,0,3250,99.7,0.605581,0,0
Mahamaya Nagar,144,0,0,0,0,0,0,0.238140636,0.424359393,0,0,1.656783013,0,1710,21.4,30,0,0
Agra,146,0,0,0,0,0,0,0.65563074,5.766291591,0.460553432,0,2.80210381,0.18596188,3830,168,15,0,0
Bhind,420,0,0,0,0,0,0,0,1.432418723,1.832194486,0,2.688953224,0,4410,48.6,2.749543929,0,0
Firozabad,147,0,0,0,0,0,0,0,0.221666797,0,0,0.828262431,0,2350,49.7,4.063877863,0,0
Etah,201,0,0,0,0,0,0,0.238627986,0,0,0,0,0,2480,27.4,5.923809274,0,0
Kansiram Nagar,202,0,0,0,0,0,0,0.423099211,23.5,0,0,13.5,0,1910,19.8,0.267663003,0,0.094422881
Shahjahanpur,152,0,0,0,0,0.228047175,65.9,0,0.595861143,1.262910589,0,1.455294633,0,4510,69,5.58769749,0,0
Farrukhabad,159,0,0,0,0,0,0,0,22.4,0,0,5.88063369,0,2110,50.4,0,0,0
Mainpuri,148,0,0,0,0,0,0,0,0,0,0,0,0,2670,25.8,0.23030668,0,0
Etawah,161,0,0,0,0,0,0,0,7.753392982,0,0,1.160263919,0,2290,29.2,0,0,0
Kannauj,160,0,0,0,0,0,0,0,3.812911012,0,0,1.54235719,0,2030,34.3,0.462252256,0,0
Auraiya,162,0,0,0,0,0,0,0,2.857816611,0,0,1.66987901,0,1970,35,0.44320815,0,0
Jalaun,165,0,0,0,0,0,0,0.133215375,16,1.01943236,0,5.37319398,0,4480,65.8,3.493266269,0,0
Datia,422,0,0,0,0,3.287949035,0,0,1.153339986,11.2,0,0.437188221,0,1850,10,5.18030852,0,0
Tikamgarh,424,0,0,0,0,0.450993755,0.405344409,3.6216452,2.156361688,66.8,0,19.5,0,4930,7.060847725,35.7,0,0.668013989
Jhansi,166,1.592032197,0,0.179720801,0,2.109659875,2.990254772,3.150388953,1.995921261,21.1,0,1.594879877,0.233668622,4960,64.7,2.041626386,0,0.422351816
Lalitpur,167,113,0.189512704,2.468783971,0,35.1,15.6,15.7,3.619005182,417,0.059072596,14.5,3.875198124,4340,10.6,68.9,0,3.065977837
Hamirpur,168,2.595628275,0,0,0,0,0,1.253870638,17.1,2.794676959,0,10.6,1.255894924,4150,65.6,2.497192819,0,3.874511224
Mahoba,169,1.845625112,0,0,0,0.846699273,0.58514293,3.451035118,0.756055381,11.8,0.180109722,1.782754439,1.727329091,2810,19.8,14.6,0,1.819122847
Chhatarpur,425,1.075595961,0,0.226161099,0,43.3,23.3,1.720020414,11.5,1510,0,33.1,0.416159871,6860,13.2,177,0,1.728808859
Sagar,427,0.182280713,0,0,0,37.3,25.1,2.374766602,5.119747043,2770,0,8.081073336,0.19102813,6730,66.5,608,0,3.153447805
Damoh,428,0,0,0,0,8.471765927,10.7,2.825841299,60.7,2690,0,153,0,3730,12.9,685,0,0.18237752
Raisen,446,39.2,0,0.558658622,0,38.5,121,13.6,4.182905386,2740,0,5.264823676,7.962080015,4800,29.6,689,0,2.196604296
Vidisha,443,0.87311783,0,0,0,22.1,14.1,1.154643166,0,375,0,0.190876999,0.370820213,6840,27.6,21.1,0,0.205797585
Ashoknagar,459,58.7,0.181017383,0.352985426,0,9.61951773,6.178622087,3.350781992,12.7,438,0.641435123,29.1,2.035711093,3850,12.5,297,0,0.88600703
Bhopal,444,16,0,0,0,2.932904304,14.6,7.170088555,2.568862893,230,0.23740693,2.870941014,3.625880291,2190,144,103,0,3.459030915
Harda,448,5.87402028,0,0.510409648,0,12.7,203,11.4,0.230621416,915,0.067976604,3.069378197,0.63866734,2070,12.1,77,0,0.984572122
Hoshangabad,449,70.5,0.183966826,1.333568979,0,310,984,29,12.1,1360,3.457371732,8.068072055,17,3780,23.7,112,0,1.791976118
Betul,447,2.811520215,0,0,0,50.4,865,6.323419307,4.565812355,4490,2.404442241,2.17742716,3.04193373,3880,18,741,0,4.089887858
Chhindwara,455,22.6,0,0,0,63.2,521,3.442203319,4.059344018,5590,1.792632053,4.553807931,7.105215081,4380,45.4,1160,0,0
Narsimhapur,452,0,0,0,0,37.7,186,0.192209952,0.333758442,1180,0.366197881,2.001669645,0,3530,42.2,169,0,0
Jabalpur,451,45.4,0,0.228661367,0,23.4,113,2.152321852,0.834800908,1320,0.228289614,1.262522207,0.68548605,3360,116,117,0,5.851075448
Seoni,456,74,0,1.06599543,0,217,771,22.7,2.187544863,3080,1.994540899,6.152787299,6.747494535,3970,44.6,549,0,6.898822495
Mandla,454,54,0.229311973,1.559188916,0,532,746,21.8,9.804594891,4960,2.689464486,5.912036529,6.456235638,837,10,354,0,6.316266005
Balaghat,457,0,0,0,0,1520,1560,0.701075783,1.891409214,2910,17.9,3.513417244,1.203566289,2550,10.6,681,0,0
Dindori,453,0,0,1.341599586,0,498,550,0.94825511,0.237865792,2880,0.606312328,0.237705885,0,1580,1.47489188,195,0,0
Katni,450,5.793882477,0,0,0,149,125,3.372960874,8.482045803,1030,0.455149907,19.2,0.181966333,3410,24.6,283,0,0.185364602
Umaria,431,23.1,0.002387837,0.182592202,0,150,389,2.837298059,31.9,2250,2.196929682,58,3.309412169,1220,7.741330319,442,0,2.843719984
Panna,426,0,0,0,0,122,50.8,0.659382929,57.3,2860,0.144966321,143,0,3470,3.744038103,386,0,0
Satna,429,82,0.273562795,0.178434765,0,91.5,32.8,5.099611865,27.7,1260,0.832395898,79.2,5.858754225,5590,23.9,289,0,3.562409422
Banda,170,0,0,0,0,1.650258528,0.295322898,0.259541742,11.8,5.994789542,0,11.2,0,4430,71.8,0.313490948,0,0.053698496
Chitrakoot,171,0.243221008,0,0,0,123,22.7,0.864807108,12.1,342,0,36.9,0,2500,8.528139612,31.2,0,0.639273556
Shahdol,460,66.8,0.096332634,0.421215412,0,42.2,83.1,7.537779053,57.2,1650,0.641011478,62.2,1.8072478,2700,15.5,993,0,2.690351092
Sidhi,462,0,0,0,0,155,232,2.500500137,24.7,971,2.511760703,41.4,0,3110,1.033479109,231,0,0.461932143
Rewa,430,0.689197898,0,0,0,79,17.9,1.040247612,39,345,0,107,0,5610,13.8,94.2,0,0
Kaushambi,174,0,0,0,0,0,0,0.313521268,25.1,0,0,36.6,0,1940,25.8,3.092115036,0,1.770973667
Allahabad,175,0,0,0,0,2.784964914,0.234906598,0.387640388,50.1,3.72679654,0,52.3,0,5000,93.9,7.186120146,0,2.483698983
Sant Ravi Das Nagar(bhadohi),198,0,0,0,0,0,0,0,6.509200111,0,0,13,0,963,21.3,0.285413838,0,3.780881699
Mirzapur,199,12.2,0,0,0,2.312340175,0.180934614,3.657104832,45.4,185,0,94.7,0.406653911,4020,36.4,104,0,6.347740362
Singrauli,463,36.6,0,0,0,121,95.6,2.178185052,57,1260,0.236384439,50.2,0,3950,24.6,186,0,2.097514039
Koriya,400,0,0,0,0,437,817,6.250016535,30.9,3300,8.849704633,97.3,0,1300,4.372944607,632,0,0.594378047
Anuppur,461,0,0,0.183564815,0,66.9,101,1.507918969,15.4,1570,0.458112827,13.4,1.079866985,1810,4.571344714,197,0,0
Kabeerdham,407,0,0,0,0,58,584,1.706989395,0.783124456,2410,3.641488325,0.830410855,1.337700151,817,0,346,0,0.184278428
Bilaspur,406,13.3,0,0,0,650,882,10.3,8.094513784,2190,7.456923859,4.188330722,1.380796074,2770,31.2,1760,0,1.932673447
Korba,404,55.6,0,47.9,0,607,964,15.5,9.316038193,1860,16.5,31.3,11.6,2190,50.6,717,0,5.116662829
Surguja,401,1.071821623,0,6.635425492,0,1050,958,10.8,41,5730,21.5,40,0.229043164,6010,7.488119017,1840,0,4.541345712
Sonbhadra,200,251,0,0.181776328,0,28.8,67.9,8.901315977,157,2150,0.854455436,167,8.682265947,3590,35.2,293,0.599319406,21
Garhwa,346,0,0,0.118686324,0,227,99.5,0.227249194,50,1530,0.236912918,36.6,0,1920,11.4,216,0,8.55804947
Jashpur,402,0,0,2.071563816,0,132,334,2.871646448,3.073141675,2060,24.4,2.346999108,0,1860,5.606036535,1370,0,0
Raigarh,403,0,0,1.019848052,0,268,870,65.1,18.3,2130,33.4,30.2,7.666880569,2250,22.1,1390,0,4.522342772
Gumla,366,0,0,0.010851986,0,167,219,0.251022012,0.517670088,938,4.008615179,1.579287097,0,3750,1.611391439,269,0,0
Simdega,367,0,0,0,0,27,259,0.229496548,1.169269703,1150,5.78679509,0.741796774,0,2000,1.938490716,330,0,0.93636855
Sundargarh,374,9.807891875,0,4.094150696,0,738,1320,22.1,12.8,3620,12.2,26.1,16.9,3020,76.9,841,0,7.035832905
Ranchi,364,7.305822863,0,0,0,66.1,144,6.450352258,1.582069618,949,2.331494937,0.868730684,2.639429712,3020,65.3,667,0,1.488462601
Lohardaga,356,0,0,0,0,74,74.4,3.519310786,0.767648941,312,1.205246241,0.45681875,0,922,4.657596021,104,0,0
Latehar,359,0,0,1.805406853,0,526,349,0.46530075,2.049898182,1510,2.766225157,1.417271007,0,1390,7.145017991,466,0,0
Chatra,347,0,0,0,0,119,132,6.589271498,29.7,1740,1.354441195,34,0,1370,6.004459389,314,0,0
Palamu,358,0,0,0,0,115,25.2,0.41859524,20.2,1250,0.096930842,15.4,0,2910,17.4,61.9,0,2.60140376
Rohtas,234,0,0,0,0,16.3,29.8,1.097691422,86.2,346,0.12576459,66.2,0,3140,98.7,76.8,0,4.74984658
Kaimur (bhabua),233,0,0,0,0,25.7,36.4,0,26.9,760,0.359934105,14,0,2250,18.8,210,0,0
Aurangabad,235,0,0,0,0,21.2,30.7,1.195905704,24.9,64.2,0,17.5,0,3050,60.2,6.130970467,0,0
Gaya,236,0,0,0,0,37,26.7,0,2.152061608,377,0.308211533,5.239274993,0,4360,60.3,90.1,0,0.180572085
Bhojpur,231,0,0,0,0,0,0.225061357,0.722766064,54.5,0.188443497,0,24.3,0,2240,46.3,3.564756251,0,1.046710526
Arwal,240,0,0,0,0,0,0.468598098,0.405470864,16.6,0.414652051,0,3.413009528,0,622,18.5,2.830523533,0,0.002931335
Jehanabad,239,0,0,0,0,0,0,0,0,0,0,0,0,917,13.5,0,0,0
Patna,230,4.997071302,0,0,0,0.179939971,1.187848227,2.160609107,102,0.563316264,0,61.1,0.189026146,2770,190,46.7,0.232392251,25.1
Buxar,232,0,0,0,0,0,0,0,14,0,0,5.874550758,0,1650,22.9,12,0,0.242250057
Ghazipur,195,0,0,0,0,0,0,0.188675016,40.4,0,0,35.3,0,3270,32.7,0.97002326,0,0.52808942
Chandauli,196,0.469931114,0,0,0,4.714222365,1.10197901,4.542277651,26.2,339,0,30,0.831549338,1990,32.7,104,0,1.39112633
Varanasi,197,0,0,0,0,0,0,0,15.1,0,0,15.6,0,1380,132,1.602433868,0,1.556157292
Jaunpur,194,0,0,0,0,0,0,0,0,0,0,0,0.223812446,4000,34.5,0,0,0
Pratapgarh,173,0.224391231,0,0,0,0.466764649,0.242217436,0.412952319,9.114594041,0.466558132,0,7.719890797,1.849040102,3680,10.9,2.714074675,0,0.17951894
Azamgarh,191,0,0,0,0,0,0,0,16.4,0,0,18.4,0.232384234,4210,27.4,0.232180684,0,2.124100968
Ambedkar Nagar,178,0,0,0,0,0,0,0,19,0,0,16.8,0,2250,18.6,1.124310826,0,5.384444933
Sultanpur,179,0,0,0,0,0,0,0,0,0,0,0,0,4400,19.1,0,0,0
Faizabad,177,0,0,0,0,0,0,0.231134982,36.8,0.364789179,0,29.9,0,2610,46,2.064939643,0,8.121565033
Basti,185,0,0,0,0,0,0.027852367,0.161426658,33.9,0,0,20.5,0,2800,23.6,0.177891943,0,4.978013813
Gonda,183,0,0,0.859303303,0,0.230701562,30.9,0.542464325,14.8,7.530184768,0,17.3,0,3930,28.5,1.023844084,0,5.359060031
Sant Kabir Nagar,186,0,0,0,0,0,0,0.033506617,2.441367641,0.461936315,0,1.496245871,10.1,1570,10.5,0.318961011,0,0.558843306
Gorakhpur,188,2.579632489,0,0,0,0.933347853,15.4,0,10.2,0.798718714,0,13.5,3.369920266,3220,80.1,8.28256842,0,2.193303522
Maharajganj,187,0,0,9.744909792,0,1.391008629,256,0,4.246747704,34.8,0.969060049,2.90745435,4.717832019,2560,5.607170199,13.7,0,1.187787804
Kushinagar,189,0.372155803,0,0,0,0,0.627503183,0.416330398,15.9,0.789914625,0.236645342,16.2,0,2820,15.5,5.873690313,0,10.1
Deoria,190,0,0,0,0,0,0.409349185,0.187760776,15.5,0,0,13.9,0,2450,23,52.4,0,2.270712778
Mau,192,0.232424639,0.187721259,0,0,0,0.232449141,0,7.737419704,0,0,13.4,4.040689456,1640,23.2,0.419882858,0,1.842916331
Ballia,193,0.466012468,0,0,0,0,0.188210569,0,70.7,0,0,68.5,5.072461498,2790,36.2,19.7,0,14.3
Siwan,218,0,0,0,0,0,0,0,7.776499917,0,0,6.849040741,0,2180,21.2,0.100639339,0,3.144809797
Saran (chhapra),219,0.681767338,0,0,0,0,0,1.291768199,60.2,0.188119648,0,47,0,2470,41.8,7.863041083,0,15.1
Muzaffarpur,216,0,0,0,0,0,0,0,3.337597277,0.232294809,0,2.380354826,0,3120,40.6,16.8,0,0.232310664
Gopalganj,217,0,0,0,0,0,0,0.667607747,19.2,0,0,19.4,0,1980,18.5,0.810957918,0,0.4653151
Purba Champaran,204,0,0,0,0,0,3.313263712,0.205272845,5.405796275,0,0,4.387753222,0.677885271,3920,31.9,8.006161425,0,0.186357146
Pashchim Champaran,203,0.230517168,0,15.1,0,0.893719023,745,2.573142636,62.7,115,0.261325627,47.3,2.246861128,3920,32.7,296,0,8.037728886
Siddharth Nagar,184,0,0,0,0,0,1.061898757,0,0,1.061111271,0,0,0.593341687,2820,7.847248747,0.23018833,0,0
Balrampur,182,0.467921484,0,0.656601473,0,1.034560863,339,3.258999006,0.23857471,104,0,1.111862726,6.355895616,2460,18.4,389,0,0
Shrawasti,181,0,0,0,0,0.370120816,207,0.335614424,0.198387789,64,0.466714658,0,0,2210,2.126718931,23.3,0,0
Bahraich,180,7.294256685,0,1.946651493,0,0,358,2.111460807,72.3,82.1,0.228116928,46,29.5,3540,36.3,132,0,20.3
Kheri,153,0.364739233,0.184220028,3.098556207,0,1.149372621,934,0.888227757,138,105,0.7712354,75.1,19,6240,32.7,126,0,35.7
Sitapur,154,0,0,0,0,0,0,0.229379724,47.5,0,0,22.5,0,5620,74.6,1.174993333,0,9.668571764
Bara Banki,176,0,0,0,0,0,0,0,19.5,0.452890719,0,16.5,0,3680,27.3,41.2,0,6.585243119
Lucknow,157,0,0,0,0,0,1.12807357,0.470871061,1.573545459,0.18651136,0,0,0,2310,186,39.5,0,0
Hardoi,155,0,0,0,0,0,0,0,21.6,0,0,5.158400884,0,5920,57.3,1.896655879,0,0
Rae Bareli,158,0,0,0,0,0,0,0.083839562,20.8,0,0,6.955743705,0.231689682,4550,39,4.817753899,0,0.393853704
Fatehpur,172,0,0,0,0,0,0,0.192687536,32.1,0,0,39.9,0,4070,35.5,0.231790848,0,1.238308452
Unnao,156,0,0,0,0,0,0,0.433322512,37.4,0,0,12.2,0,4480,55.4,12,0,0.223298047
Kanpur Nagar,164,0,0,0,0,0,0,0.198910103,17.5,0,0,4.697851109,0,2640,208,5.997748589,0,0
Kanpur Dehat,163,0,0,0,0,0,0,0,7.465360456,0,0,5.380386078,0,3170,23.1,9.592503994,0,0
Pilibhit,151,27.6,0,0.367003546,0.419314824,0.227880963,537,3.038638192,24.5,51.7,0.830298231,20,20.8,2840,29.7,38.5,0,2.308565023
Bageshwar,63,0,1.276834708,0.212453346,0.189552226,0.465457633,1110,6.397037823,1.579308196,467,1.650039401,413,0.466149466,120,0,20,143,1.257160405
Champawat,65,0,0,0.27310935,0,0,1120,10.6,1.965260406,301,1.476777323,44.4,0,139,0,34.7,0,0
Pithoragarh,62,3.338047687,3.520729063,0.622189296,0.224099117,1.438385182,2110,11.4,17.6,463,3.990769279,3240,0.485523025,138,2.166484493,129,820,291
North,241,9.239828044,337,4.442342328,0.415317007,1.622092122,945,0.2378905,36.8,39.4,2.400433672,2030,1.043448048,1.050071643,0,0.882583257,807,40.8
East,244,0,96,3.060691169,0,0.920793386,559,1.240999304,0,44.3,0.051494169,157,0.937381382,3.279755773,0,76,0,0
Jalpaiguri,328,0.453677819,1.242880018,654,0,1.707268172,481,1.531640932,41.5,931,31.1,90.4,24.6,2440,56.2,1460,0,11.2
Koch Bihar,329,0,0,2.18037536,0,0,14.6,0.374876249,25.6,40.8,1.346820568,42.3,0,3060,22.1,191,0,5.206717598
Darjiling,327,0,25.4,245,0,2.886695109,1530,0.669366822,1.219394898,404,2.242680648,5.058887512,8.550901485,500,45.1,423,0,0
South,243,0,41.1,2.919091505,0,0.230002393,482,0.2014205,0,45,0.637693961,35.7,3.14332682,15.5,0,98.5,6.57940392,0
West,242,0.554002705,98,2.733510574,0.185551543,2.453237695,664,1.00773554,1.289662094,65.8,1.524000561,229,0.664451738,7.148289082,0,69.1,56.5,0.229619057
Kishanganj,210,0,0,0,0,0,0.223250723,0.617658629,14.7,12.4,0,10.8,0,1400,4.976145388,492,0,0
Uttar Dinajpur,330,0,0,0,0,0,2.766016747,0.004317747,1.03193152,76,1.757101625,0.249065833,0.179170708,2390,17.2,733,0,0
Purnia,211,0,0,0,0,0,0,0,10.4,1.344611174,0,7.624804946,0,2880,28.6,314,0,0.28625992
Katihar,212,46.9,0,0.233905927,0,0,0,4.705725183,44.6,0.647863356,0,55.7,2.150227146,2790,12.7,74.8,0.188937002,24.5
Araria,209,0,0,0,0,0,0.241136335,0,0.42008034,0.242114102,0,0,0,2560,10.8,238,0,0
Madhubani,207,0,0,0,0,0,0,0.222856958,4.885190893,0,0,2.281200412,0,3260,42.6,132,0,0
Sitamarhi,206,0,0,0,0,0,0,0,0,0,0,0.409771198,0,2290,18.9,19.1,0,0
Darbhanga,215,0,0,0,0,0,0,0,0,0,0,0.223508789,0.810866336,2120,39.2,129,0,0
Sheohar,205,0,0,0,0,0,0,0,0,0,0,0,0,287,1.211924893,0.418875223,0,0
Vaishali,220,2.756852132,0,0,0,0,0.17951894,0.772131088,36.6,0.224429253,0,25.9,0.878915555,1890,22.8,6.536023985,0.233445936,18.4
Samastipur,221,2.010162616,0,0.224704434,0,0,0.368565214,0,16.7,0.030456394,0,16,0.9461097,2810,17,24.1,0,9.208051655
Begusarai,222,2.651826346,0,0,0,0,0,4.254156879,59.4,0.188777156,0,50.7,0,1710,58,23.1,0.451141752,31.3
Khagaria,223,2.792868777,0,0,0,0,0,2.703792137,6.023114894,0.189076916,0,4.411812951,0.429472855,1420,16.6,32.9,0,1.602158282
Saharsa,214,0,0,0,0,0,0,0.233206563,21.1,0,0,15.9,0.187989142,1360,9.927879929,277,0,0.233046147
Supaul,208,0,0,0,0,0,0,4.640917962,104,2.445945751,0,96,0.660417018,2070,3.722730194,103,0,11.2
Madhepura,213,0,0,0,0,0,0,0.233677234,2.135748783,0,0,1.071267144,0,1300,5.047816402,523,0,0
Bhagalpur,224,15.3,0,0,0,0,0,10.9,83.2,2.753646021,0,58.3,0.367035525,2170,85.3,83.9,0,27.9
Sahibganj,352,33.9,0,0,0,30.7,140,2.148259101,15.9,289,0.42394494,22,7.187803066,1280,9.115466835,348,0,14
Godda,351,0,0,0,0,47.1,69.7,1.074373346,1.561719179,252,0.226161099,0.642205568,0.451399619,1630,7.616143207,230,0,0
Banka,225,0.415487275,0,0,0,2.962714461,4.903843879,2.412989472,62.6,47.5,0,38.7,0,2580,42.8,321,0,0.88545593
Pakur,353,0,0,0,0,14.9,30.6,0.416604379,0.642942113,268,0.235076287,1.113523381,0,1270,3.447864052,223,0,0
Dumka,362,19.9,0,0,0,18.9,142,4.151247034,3.670322645,226,0.236068318,3.568328266,0.699637565,2860,6.58602099,481,0,1.489846382
Jamtara,363,10.3,0,0.262201185,0,0.182057861,1.092078842,4.437843693,20.7,301,0,13.7,0.001284979,923,6.527796145,519,0,0.496362598
Deoghar,350,0,0,0,0,0.190253416,1.721402866,1.331519771,21.5,29.7,0,16.8,0,2170,17.1,174,0,0
Jamui,238,0,0,0.460937089,0,73.4,97,3.427214444,68.3,294,0.460405819,45.2,0,2000,38.6,430,0,0.460944904
Giridih,349,0,0,2.929034352,0,50.3,93,12.2,67.9,473,1.54931594,46.7,0,3620,12.6,626,0,0
Munger,226,5.630785346,0,0,0,36.5,75.6,3.5149905,49.3,123,0.234494504,45.2,0.490117143,955,54.1,57.4,0,24.4
Lakhisarai,227,0.468088598,0,0,0,9.459876616,39.8,0.459126203,3.34848658,51.7,0,3.554588886,0,1090,25.8,38.3,0,3.678856626
Sheikhpura,228,0,0,0,0,0,0,0,0,0,0,0,0,625,13.7,0,0,0
Nawada,237,0.235391178,0,0,0,81.3,84.3,2.372046832,1.315850164,293,0.226337671,3.752799049,2.100128898,1830,29.8,157,0,0
Nalanda,229,0,0,0,0,0.408402646,2.356899317,0,0.449909941,3.359996181,0,0.23456516,0,2270,52.7,0,0,0
Kodarma,348,0.667604758,0,0,0,252,145,5.913539451,49,795,0.837929883,42.4,1.535039374,1090,5.92715461,124,0,0.408010214
Hazaribagh,360,12.6,0,0,0,80.9,246,11.6,21.8,810,1.685760152,26.9,9.576718226,1730,38.8,608,0,2.643017711
Dhanbad,354,17.3,0.230438878,0.227886924,0,20.6,52.7,31.3,46,993,1.065463529,24.7,3.95964763,489,112,335,0,2.595766515
Bokaro,355,19.2,0,0,0,46.8,94.7,9.874960217,6.282308619,615,0.191160724,7.160276416,2.205969864,1640,104,245,0,6.078882598
Puruliya,340,19,0.006542175,0.592600981,0,38,106,15.8,9.353968293,713,0.230407645,4.642499652,2.804168814,4640,44.9,642,0,1.843095843
Ramgarh,361,2.125282916,0,0,0,40,49.2,3.849155155,0.441620588,153,0,0,2.161787995,1020,34.7,51.5,0,0.410475205
Khunti,365,0,0,0,0,65.1,220,0.183454907,0,834,5.645350417,0,0,1240,2.958441783,339,0,0
Pashchimi Singhbhum,368,0,0,7.374101694,0,442,1050,11.9,7.501129411,3990,5.613879869,1.657858425,9.471760599,689,9.15281444,987,0,0
Saraikela-kharsawan,369,26.7,0,0,0,96.7,91.9,9.852524641,1.007544498,792,0.935404377,2.036135024,4.067871652,1220,32.2,362,0,3.050530418
Purbi Singhbhum,357,0.834582477,0,0,0,125,175,1.523674609,3.556885745,721,2.43689147,1.240534072,1.283993682,1310,93.4,1130,0,0.22927792
Pashchim Medinipur,344,0,0,0,0,18.5,130,0.414162036,34.5,216,2.413278936,13.7,0.230361719,6590,67,2300,0,0.23046811
Bankura,339,16.6,0,0,0,7.813466819,68.9,7.73792207,39.5,138,0.777372106,24.2,5.369291307,3750,75.7,2810,0,5.022236528
Barddhaman,335,5.691387086,0,0.202179712,0,2.197982605,5.071832822,5.659302935,28.8,56.3,0.227622481,16.4,1.591421271,5850,441,607,0,1.177005497
Birbhum,334,0,0,0,0,0,1.584906904,1.147182743,6.653538026,1.661743256,0,1.454869679,0.637383955,4020,114,402,0,0
Hugli,338,0.049456491,0,0,0,0.650859252,6.926656598,0.229496548,0,4.766886334,1.247369828,4.162588525,5.848134833,2900,180,35.7,0,6.740247022
Haora,341,13,0,0.32551308,0,0.827608887,19.8,0.183711929,0.823296471,5.347712572,2.821757869,4.748192539,21.7,1210,122,31.7,0.229823657,10.2
North 24 Parganas,337,138,0.440362864,0.591771123,0,0.642168491,30.4,13,2.521798471,19.9,1.424295439,17.6,1880,3300,178,141,2.232368951,83.5
Nadia,336,0,0,0,0,0,0.374135977,0,6.408372366,0.662592462,0,6.918960905,1.345452335,3790,79.9,37.4,0,0.529522259
Kolkata,342,0,0,0,0,0,0,0,0.183831455,0,0,0.130048477,0,0.550172226,89.9,0.191838965,0,0.37934522
South 24 Parganas,343,178,0,0.273307725,0.939060232,1.058491958,13,6.494363946,2.914797309,10.8,0.874186958,16.1,625,4550,110,38.1,2.091951587,17.1
Murshidabad,333,26.4,0,0,0,0,0.461906027,1.644223743,34.5,1.12305908,0,43.6,14.9,4970,157,62.1,0.058216943,22.1
Maldah,332,44.6,0,0,0,0,2.192934698,3.213534159,16.7,5.064776069,0.180673638,25.4,6.219736577,3430,24,20.1,0,19.2
Dakshin Dinajpur,331,0,0,0,0,0,0.179769468,0,0,0,0,0,0,2140,24,4.209700525,0,0
Purba Medinipur,345,97.1,0,0,0.231239468,0.646905186,13.6,2.815709854,6.454445967,3.720820489,0.369599888,34.5,34.8,3790,15.6,25.5,4.230262882,18.1
Ganjam,388,77.7,0,10.1,0,47.2,255,18.2,4.807272635,2850,8.189330185,5.612320139,35.9,2090,81.9,2990,0,10.6
Puri,387,693,0,4.931052284,0.411815679,7.648186878,49.3,63.6,17.2,42.3,1.281923174,72.2,184,2210,14,165,0.411869581,31.5
Khordha,386,3.773996187,0,10.1,0,31.3,37.3,5.084756656,4.237028489,503,3.134200261,2.757815492,18.2,942,66.1,1120,0,0.308607488
Nayagarh,385,0.233779346,0,9.231258258,0,167,244,0.457446818,23.3,1840,13.5,25.9,10.7,268,3.381093495,1270,0,9.214265734
Cuttack,381,4.645305596,0,0.901052444,0,49.4,78.1,1.598980651,101,627,7.02437752,64.7,2.815482014,1420,74,1450,0,55.2
Dhenkanal,383,1.467030124,0,1.189340707,0,62.2,231,4.312606993,40.4,1320,6.335994666,24.3,1.338977561,735,5.40711339,2030,0,8.337401727
Anugul,384,83.2,0,30.5,0.231679351,390,535,19.2,29.2,2160,19,32.8,4.479679672,500,8.661532227,2540,0,3.782761445
Jajapur,382,0,0,0,0,2.120156225,19.3,3.218942758,18.6,222,0.464808594,12.3,0,1610,8.787758582,994,0,2.623554719
Kendujhar,375,7.303920392,0,17,0,116,516,44.4,12.5,3240,12.2,13.9,36.6,2610,7.789317994,1670,0,2.954326762
Kendrapara,379,38.6,0,5.18392589,0.186374004,0.837926021,41,5.564900947,11.1,7.20035281,0.698157007,21.6,90.7,2190,4.761152485,45.7,0.360600065,10.1
Jagatsinghapur,380,26.8,0,0,0,0,3.993966115,16.4,15,5.372737798,0.223938864,20.3,21,1500,6.111956487,111,0.224236626,12.7
Baleshwar,377,132,0,16.4,0,11.3,69.8,4.836043344,21.6,164,0.671002244,27.4,16.1,2910,12.6,472,0.185183721,12.9
Bhadrak,378,61.3,0,1.533270635,0,0,4.513620389,9.550090007,23.9,9.428605512,0.222987953,14.3,9.141980924,2280,5.231522621,46.3,2.163856077,7.141812807
Mayurbhanj,376,2.174409307,0,603,0,257,1240,4.060911216,7.406442163,2330,27.4,5.467125388,4.118870771,2030,4.429973955,3900,0,2.808458748
Debagarh,373,141,0,2.007446004,0,220,395,4.760535176,21,810,9.906612778,20.6,2.222787905,199,0,984,0,0.833316363
Sambalpur,372,90.1,0.18490769,7.120635783,0,860,1100,22.3,10.8,2020,39.4,4.973442052,8.037497244,1610,35.7,913,0,3.624363307
Jharsuguda,371,242,0.693456484,1.951771389,0,20.4,142,43.4,10.7,416,1.339978862,16.2,15.1,1120,17.4,61.2,0,1.736070153
Bargarh,370,118,0.416332837,1.350880241,0,112,444,8.440008047,5.158806499,587,3.045622625,2.837072036,15.2,4250,7.112815298,238,0,1.589324967
Subarnapur,392,3.004161854,0,0,0,61,101,1.950490253,24.5,265,1.932913978,24,1.476486948,1370,3.003311592,497,0,1.611339438
Balangir,393,0,0,0,0,56.5,354,0.931232964,8.256919052,1230,2.223991994,5.846353472,0.652153814,4110,10.7,778,0,0.839269922
Bauda,391,0.301361535,0,1.641153963,0,453,317,0.399434729,25.4,750,3.577329688,66.2,1.285318467,841,1.255283438,654,0,0.939958127
Kandhamal,390,0,0,25.9,0,760,454,0.635358606,0.271908987,5990,82.9,1.277627411,0.174560651,47.8,3.131453454,682,0,0.186482647
Gajapati,389,1.05037547,0,4.446910585,0,46.8,80.3,0.929663027,0.187562481,2880,42.5,0,6.435394437,99.7,7.798947946,883,0,0.656464282
Rayagada,396,0.234698965,0,6.299787457,0,88.4,219,0.845061729,0,4830,46.9,0,2.0371213,150,5.87266736,2020,0,0
Kalahandi,395,18.3,0,2.37262547,0,405,582,0.841057822,10.6,3520,27.6,21.5,0.782222087,1650,5.041532511,1650,0,8.69784443
Nuapada,394,0.22334441,0,0,0,23.9,407,2.335679351,0,1440,0.746416328,0.18679106,1.525832745,1830,2.476486672,158,0,0
Raipur,410,8.099077381,0,0,0,235,1620,30.8,60.7,3840,25.9,34,7.778320112,4690,69.6,1820,0,2.130820444
Nabarangapur,397,14,0,0.637521163,0,23.1,115,0.844535566,1.347964771,1500,29.9,5.370108762,2.204640783,2500,4.364299106,1100,0.187848106,5.077745022
Mahasamund,411,3.284391858,0,0,0,5.479359746,215,3.841298937,5.812243811,836,3.595128685,5.396071158,0.36184982,2230,4.329311871,1410,0,2.81115301
Janjgir-champa,405,0,0,0,0,8.170731525,48.2,5.45039361,34.1,839,0.83098021,30.1,0,1850,8.20872346,1040,0,12.8
Durg,409,27.5,0,0.223253771,0,29.6,255,20.3,5.039318913,2780,0.694995498,4.60138903,14.2,4200,107,1150,0,6.368628916
Dhamtari,412,55.8,0,0.419209932,0,388,473,6.916379354,7.564289956,1240,7.921194858,6.759262004,18,1670,6.497084822,172,0,6.113532095
Rajnandgaon,408,2.202074208,0,0,0,215,931,4.832489362,8.477355806,4480,2.128356165,12.5,1.367057044,1550,12.2,831,0,3.657580952
Gondiya,507,34.5,0,0,0,197,993,9.47059975,3.532125617,1440,3.589526494,3.984875975,20.2,2230,10,516,0,1.89111653
Nagpur,505,33.2,0.407334514,0.417517158,0,64.9,829,25.8,0.418098096,1270,3.428178066,2.482438836,23.9,5440,198,2030,0,8.700407874
Bhandara,506,0,0,0,0,39,438,0.214101834,8.143407062,479,0.30513683,2.540203411,0.407329222,2700,18,172,0,0.377688027
Garhchiroli,508,0,0,12.8,0,2160,3480,11.1,33.4,6280,32.5,44.1,0.834718238,1400,2.89491006,988,0,2.321787994
Uttar Bastar Kanker,413,2.304028307,0,0,0,805,721,1.483339294,1.185654762,3650,33.5,1.811419293,1.880219437,1060,2.221115245,518,0,0.739314166
Chandrapur,509,11.3,0.233501284,0,0,68,1290,21.9,13.4,3290,4.448911986,15.3,13.9,4260,85.8,2220,0,2.013293907
Adilabad,532,90.5,0,0,0,48.3,1270,20.6,6.903169401,3450,11,27.3,3.496148551,8010,116,2980,0,2.819042646
Narayanpur,415,0,0,7.623566093,0,1270,461,0.332033828,0.646031548,2430,23.3,0,0.168532966,14.9,1.273572092,63,0,0
Bijapur,417,0,0,9.032524144,0,1790,1130,7.570122627,23.9,5440,97.3,6.934128669,0.234989429,91,0,183,0,0
Bastar,414,1.069256035,0,0.225832523,0,172,420,8.531934404,27.2,6840,121,13.7,0,1060,9.621037997,1670,0,1.904041167
Koraput,398,15.6,0,1.928381699,0,42.1,67.7,3.230328233,11.7,4750,62.5,55.1,18.7,2000,7.008644245,1660,0.083739554,11
Dakshin Bastar Dantewada,416,0,0,13.9,0,283,472,2.04399164,2.489447618,7200,207,2.309954225,0,39.4,1.425977468,653,0,0
Malkangiri,399,57.1,0,2.402968059,0,110,237,1.349966834,1.415094594,3270,108,2.129146047,66.4,286,0.660753794,1680,0,2.323400645
Visakhapatnam,544,34,0,87.9,0.189841787,27.8,228,10.7,9.898244143,6840,48.4,52.3,40.7,373,163,3500,0.157981738,15
East Godavari,545,182,0.219147547,177,0,16.3,333,16.5,63.2,3490,16.1,51.9,607,2970,184,2700,0.784145959,36.6
Khammam,541,15.6,0,6.89324474,0,198,960,24.6,110,6500,128,128,19.7,2540,139,5290,0,16.6
Warangal,540,6.815668592,0,0,0,123,931,6.556364349,24,2050,18.5,29.1,2.646725541,6910,151,2540,0,8.20975837
Karimnagar,534,33.7,0,0,0,30.2,533,6.968997075,28.9,817,7.045447597,44.4,4.404871677,6970,150,3260,0,8.70189615
Krishna,547,128,0,1.170275495,0.596958808,37.4,38.9,13.2,55.1,260,3.687268714,33.8,714,5530,240,1470,0.716501038,33.1
Nalgonda,539,105,0.36187293,1.941314924,0,0.482179336,18.1,36.3,31.4,50.7,1.944261488,27.5,22.4,11600,111,2050,0,19.6
Guntur,548,42.1,0,0.527076164,0.422627947,8.814164758,226,12.5,94.2,150,4.283941769,68.7,48.3,7420,285,3060,0.411216912,10.4
Prakasam,549,4.759054343,0,0,0,156,973,15.8,64.1,1580,18.5,79.6,8.450551746,5260,155,9390,0.213262347,8.26367175
West Godavari,546,53.9,0,9.17846489,0.1812749,3.508191326,55.9,4.090749643,12.3,643,3.290465502,15.3,519,4680,137,1620,0,11.2
Yanam,634,3.81891345,0,0,0,0,1.009864411,0.409506293,1.312309356,2.115715634,0.054410498,1.161824989,10.6,14.2,2.92806053,0.212092697,0.04485125,0
Vizianagaram,543,10.9,0,1.114838271,0,6.528163773,45.9,3.759309391,0.236526367,1420,15.9,11.6,11.2,1770,27.5,2260,0,2.149981453
Srikakulam,542,31.4,0,1.450847833,0,19.6,71.6,17.1,2.63867559,800,5.855179744,7.647538262,31.7,2710,77.6,2530,0.471533218,15.7
Sri Potti Sriramulu Nellore,550,406,0.472007543,2.113813604,0,70.9,419,33.5,147,310,16.6,324,83.5,3190,74.3,7960,0.007350275,78.3
Y.s.r.,551,126,0,5.859845898,0,531,1990,35.9,255,1100,42.5,152,37.4,3720,59.6,7090,0,13.5
Chittoor,554,0.23167842,0,13.1,0,153,828,12,7.18050686,804,31.5,56.2,2.365990158,4190,64.7,9010,0,0.35724757
Thiruvallur,602,48.2,0,1.472893616,0,0.911325893,11.6,3.031393524,24.7,8.119771268,0.880594442,25.4,23.3,1490,177,1420,0.572641594,17.3
Kancheepuram,604,19.9,0,0,0,0.931268856,3.991248276,9.355343879,23.9,5.754250834,0.872579102,29.8,22.1,1320,192,2970,0.711235087,23.2
Chennai,603,0.555826014,0,0.17432354,0,0,1.93894383,0.921328462,1.839601399,0.434573842,0,1.176516261,0.186285857,5.277285659,106,3.448868857,0.222739312,6.04767949
Vellore,605,0,0,26.4,0,124,406,0.911338814,0.542631346,559,6.351709918,1.075072261,0,1300,103,3550,0,0
Tiruvannamalai,606,3.311992108,0,108,0,49.5,226,1.252543058,0,382,3.534287194,0.494887187,10.9,1790,39.6,3570,0,0.417750437
Viluppuram,607,9.843150169,0,16.9,0,19.7,82,4.41601442,5.998216424,215,2.195640347,7.250799481,5.815417329,3270,52.6,3490,0.197143452,4.963608589
Puducherry,635,2.185073497,0,0,0,0,0.243147974,0,0,1.384806268,0,0.231393974,3.163187741,204,33.9,54.6,0,0.305472485
Cuddalore,617,12.9,0,0.37017379,0,0,0.876593709,1.455389401,18.5,2.309153659,0.447950246,15.7,12.2,3090,87.9,437,0,17.1
Nagappattinam,618,45.7,0,0.23436106,0,7.418181768,8.784505744,7.343380688,53.1,12.2,1.878211483,58.1,4.740466798,2130,36.1,88.7,0.409064702,28.3
Ariyalur,616,0,0,0,0,0,0,1.008340149,2.82346352,0,0,3.351979091,0.41951281,1480,5.998080657,457,0,0
Thanjavur,620,4.85991632,0,0.212396194,0.179770529,0,0.625037788,0.239989733,7.087300693,0.716985574,0,13.5,4.632595616,2720,90.3,548,0.645213022,4.272124601
Karaikal,637,0.076635175,0,0,0,0,0,0.764473179,1.536526078,0.832026588,0.370719642,1.503273863,0.725826865,116,13.9,17,0,0.662257874
Thiruvarur,619,43.5,0,0,0.410634321,0,0.063601333,0.963601436,19.8,1.260328511,0,37.2,5.005280346,2120,24.4,15.9,1.065929249,6.876468107
Virudunagar,625,27.4,0,54.4,0,2.853020747,29.5,0.176505534,1.515030527,48.6,1.995234146,8.63866043,4.820187908,2230,137,1830,0.225605348,6.464205931
Pudukkottai,621,3.224877536,0,0,0,0,2.05929418,1.862369223,2.432974812,2.258847383,0,4.427044129,4.608134938,1610,32.6,3000,0,2.075852826
Ramanathapuram,626,14.6,0,0.225625858,0,1.430906811,9.88083794,5.400445939,11.7,4.07949319,0.362829678,22,8.224491857,2890,39.3,929,0,16.8
Sivaganga,622,0,0,0.234662756,0,0.22490506,4.628672095,0.766551939,1.939487384,0.668505318,0.06979184,9.813240717,1.176904343,2250,45.7,1940,0,0
Tiruchirappalli,614,0,0,51.9,0,10.7,75,3.051777959,2.280839932,94.8,1.629328293,4.452579116,0.630618694,1740,96.7,2430,0,0
Madurai,623,0,0,38,0,8.735751744,58.1,0.22520973,0.235027408,94.8,4.877295323,2.384444736,0.782957131,1430,105,1950,0,0
Dindigul,612,0,0,795,0,35.8,248,0.846916504,0,295,6.396239966,2.476985333,0.5962177,1600,37.6,3050,0,0
Thoothukkudi,627,17.8,0,1.424417155,0.835091638,1.994457966,0.225950868,0.958762051,20.7,1.912753855,2.053262402,39.3,5.665458565,1750,139,2590,1.001911008,62.8
Tirunelveli,628,4.134625449,0,703,0,17,120,1.379838267,1.750818333,209,7.505808066,14.6,7.388392851,2190,137,3380,0.186505574,7.461013472
Kollam,600,23.6,0.186510399,817,0.38351256,9.158946952,41,0.353421386,0.000153995,662,9.037382493,0,120,198,19.4,586,0.186545481,0.461291795
Thiruvananthapuram,601,6.849094887,0,895,0.598483431,4.389550356,24.4,0.125137912,0,392,5.041311935,1.276994637,49,221,40.3,539,0,0.018882675
Kanniyakumari,629,4.669492845,0.403115523,418,0.028043065,6.921704673,20.3,0,0.236086238,338,3.311770323,1.62412798,44,227,22.5,602,0,1.251668907
Alappuzha,598,107,0.186153278,320,1.712729277,10.8,65.5,0.249957168,0,257,6.466678204,0,241,245,8.934483979,156,0.100029469,0.725710967
Pathanamthitta,599,0.225524391,3.353503932,1400,0,2.42105118,14.8,0,0,428,1.072734899,0,9.321384845,69.6,5.97875784,707,0,0
Kottayam,597,34.7,0,551,0.450738027,4.682423622,23.9,0.225324531,0,670,4.526419924,0,88.6,280,9.857098414,541,0,0.411499395
Idukki,596,13.5,0.695775292,3030,0,11.1,93,0.926148462,0,655,3.593371761,5.822460397,61.9,48,1.889398813,1090,0,0
Theni,624,6.174062424,0,328,0,14.3,88.8,0.219004208,0.176115537,223,2.729497545,0.674604707,1.14507364,496,39,1650,0,0.420730351
Tiruppur,633,0,0,108,0,22.2,95,3.229044638,0,125,3.987636149,1.476374504,1.856681001,3410,97,1340,0,0.224794835
Coimbatore,632,1.771744045,0,508,0,3.436447298,71,0.644117599,0,441,1.190578628,4.469500055,6.676447863,1980,164,1480,0,0.01352444
Palakkad,593,10.8,0,989,0,5.066169403,132,0.214715461,0,1100,8.82964979,0.072028125,37.6,949,27.6,1220,0,0
Thrissur,594,19.1,0.371520417,667,1.326079271,5.49253805,55.9,0,0,925,7.390563432,0.452698394,88,427,30.1,799,0.410732863,0.23270617
Ernakulam,595,55.8,0,427,0.225050845,6.409597677,19.1,0.919974991,0.234900176,592,8.204305213,7.523405201,155,473,48.2,614,0.13489511,2.750233627
Lakshadweep,587,640,0,0.371076165,0.283342031,0,0.214298386,0,0,0,0,0.153508834,20.5,0,0,0,0.184910028,1.690210937
Dakshina Kannada,575,17.1,0,1640,0.465165267,6.153918566,18,2.141316944,2.983287036,1330,98.5,5.490165957,16.9,47.6,46.7,1360,0,1.665745583
Udupi,569,34.7,0,722,0.038873852,5.569822667,20.4,2.483103921,0.871157335,1140,183,4.141312558,15,151,15.8,1570,0,1.131375833
Kasaragod,588,10.6,0,324,0,8.761730408,37.4,0.828012398,0,902,77.7,12.5,25.5,99.8,0.27027979,466,0,0.091433082
Kannur,589,9.821681153,0,978,0.355131679,11.2,47.6,1.311956848,0,1120,32.9,6.880038587,65.1,147,3.556213705,527,0,0.240669237
Mahe,636,0.056713201,0,2.208975515,0,0,0.851011169,0,0,4.023907529,0.289962101,0,0.64165376,1.016253749,0,0.760365561,0,0
Kozhikode,591,9.389316336,0,1770,0.718696804,1.052492668,35.5,0.169376105,0,194,0.878929307,0.993591612,84.1,109,4.861443379,120,0,0.001527241
Kodagu,576,0.679288328,0.232901513,2480,0,0.223602209,141,0.79804952,0,631,5.416621457,0.853835176,12.3,36.4,4.309584671,794,0,0
Chikmagalur,570,64.2,0,1420,0,2.820907698,342,8.980127426,1.344119884,2350,32.1,3.150642634,44.2,1490,12.1,1440,0,0.61188844
Hassan,574,14.7,0,485,0,0,6.748489686,3.132243003,0.222920432,438,15.7,13.4,14.4,3980,19.8,1820,0,0.881144811
Mysore,577,37.3,0,10.4,0,0.835908967,275,11.9,0.223291251,657,45.4,11.6,42.8,3300,85.3,1830,0,3.195933027
Tumkur,571,1.304723411,0,0,0,0.531877711,12.5,5.57127217,13,46.1,1.451942343,29.1,13,7120,30.7,3340,0,1.336528213
Mandya,573,20.6,0,0.223169245,0,0.65016397,8.156508814,2.529366022,0.407353074,71.6,8.18593394,39.7,16.5,2000,18.5,2760,0,0.253322911
Wayanad,590,0,0,878,0,0.233470704,90.1,0,0,513,1.634604507,0.233642275,12.3,59.4,2.813284761,572,0,0
Chamrajnagar,578,0,0,120,0,6.989038853,322,5.286449642,2.090171828,1770,35.3,47.3,1.884465711,1180,8.535966686,2170,0,0
The Nilgiris,611,0,0.88658613,705,0,0.818027176,163,12.4,0,805,3.490967636,9.562481426,3.551712681,26,7.95888322,817,0,0
Malappuram,592,18.8,0,938,0.409896432,3.598325937,73.4,1.682864838,0,1680,2.507413738,1.562915209,50.2,384,11.3,397,0,0.22486883
Erode,610,22.2,0,222,0,4.846540647,205,1.003219307,0,1300,6.599402903,5.479912933,7.192959096,2010,71.3,1910,0,2.392270472
Namakkal,609,0,0,50.7,0,9.012680675,81.9,0.879147229,0,240,0.876566358,2.763739049,0,1230,39.2,1750,0,0
Salem,608,46.3,0,144,0,23.8,225,1.729862353,6.58600164,592,4.992257257,7.77687428,10.2,891,89.4,3170,0,1.03550507
Karur,613,0,0,0,0,1.743116476,8.390280944,1.248374258,0.261867987,4.58762476,0.185367497,6.553884709,0.023147464,512,33.9,2330,0,0
Perambalur,615,0,0,4.980627433,0,4.146197532,21.4,0,0.36079909,16.5,0,0.750556653,0.224081215,855,7.440874925,842,0,0
Dharmapuri,630,16.3,0,88.2,0,33,249,2.659481289,1.566231536,764,8.159016991,12.4,6.206170321,908,16,2410,0,1.123279415
Krishnagiri,631,2.406574753,0,22.3,0,5.99265287,136,0.242605708,0,712,7.198662492,5.444873236,1.252347126,1490,22.7,2740,0,1.028636509
Kolar,581,0,0,0,0,0.232623934,4.470857823,2.256272467,1.32609861,10.7,0.640445571,6.942977277,0,1960,20.1,1980,0,0
Bangalore Rural,583,0,0,0,0,0,1.1313179,0.241811099,3.253149611,5.454616888,0.222409743,7.771730492,0,1180,8.244971087,1100,0,0
Chikkaballapura,582,0,0,0,0,0.811614962,11.6,1.23764049,1.477700609,16.1,1.149715293,7.046535177,0,2720,15.1,1450,0,0
Bangalore,572,0,0,0,0,0,1.876567186,0.639069168,1.878863212,18.6,0.842107729,4.169765529,1.104310459,726,287,1140,0,0
Ramanagara,584,0,0,0,0,1.950831619,40.5,0.216012,0,260,9.210000089,6.764402487,0.60103527,1040,13.4,2150,0,0
Anantapur,553,4.635588359,0,0,0,0.413890926,40.1,6.716568909,273,39.4,1.107544656,24.8,0.461627196,16600,94.5,2130,0,4.727225772
Chitradurga,566,12,0,0,0,0.183264045,1.976315407,14.9,89.5,51.7,7.653218196,50.2,2.818101152,6660,28.3,1520,0,3.434803308
Davanagere,567,10.1,0,0,0,0.54937009,53.9,3.21814887,13.9,202,5.890294911,19.8,8.426089527,4910,37,681,0,1.706294145
Bellary,565,106,0.220656429,0,0,1.248329105,38.1,24.2,200,58.2,6.287190765,45.2,5.166962094,7250,53.4,650,0,3.062066271
Kurnool,552,136,0,0.458619281,0,179,878,33.2,606,995,9.281556097,104,32.7,12000,90.5,2730,0,5.063804783
Mahbubnagar,538,117,0,0.45802462,0,19,429,29.2,61.9,900,7.533159445,69.6,8.499261184,15100,56.2,1550,0,5.616324413
Raichur,559,12.8,0,0.229197122,0,0,0,4.510480969,284,1.73975536,0.238663228,12.7,0.83013733,7800,30,303,0,3.007611035
Koppal,560,87.8,0,0,0,0,1.086708046,13.5,262,3.452468629,1.870467672,29.9,2.680987833,4980,15.6,172,0,1.888197966
Bagalkot,556,145,0.181203146,0.006702453,0,0,1.335853276,42.6,275,19.3,0.229021442,7.74318091,13.2,5310,74.5,674,0,6.792637811
Gadag,561,0,0,0,0,0,0,5.186260431,167,7.767141914,0,16.3,0,3980,23.8,448,0,0
Belgaum,555,66.1,0,152,0,2.622349677,86.4,21,258,1550,55.2,14.8,7.950281969,8470,98.2,2610,0,6.484509552
Dharwad,562,0,0,0,0,8.253159676,88.3,0.691909865,157,270,18.3,3.496856137,0,3170,36.8,518,0,0.920545324
Haveri,564,0,0,0.083344184,0,1.477250744,12,1.348512213,10,167,12.8,9.83905505,0,3890,23.2,680,0,0
Uttara Kannada,563,83.3,0,2970,0.34383129,31.9,722,9.654326719,6.427766675,4740,352,37.8,104,343,14.4,763,0,5.855922474
Shimoga,568,71.5,0,550,0.221842092,8.564780215,347,13.7,2.015370161,3410,306,4.298901371,211,1140,34.2,2340,0,1.11470349
South Goa,586,19.8,0.144600431,490,0.61187721,15.4,58.2,10.8,2.410459913,916,57.9,12.3,29.8,153,14.1,168,0,0.41812322
North Goa,585,12.3,0,176,0.028894392,8.384262241,32.7,10.5,1.777767757,953,70.2,10.1,43.6,110,4.67188424,246,0.239516768,2.488817733
Kolhapur,530,20.4,0,194,0,4.28715408,80.8,10.8,24.6,3320,139,5.519376075,61.4,2680,138,994,0,0.648858468
Sindhudurg,529,26.1,0,173,0.798354276,26.3,64,8.160701679,2.207487632,2960,484,23.5,27.8,646,3.391784736,623,0,0.815901096
Ratnagiri,528,44.1,0,10.4,0.78665708,53.8,245,25.8,4.922181106,5620,521,19.6,48.2,634,9.105909502,1020,0,4.253568867
Sangli,531,3.279681971,0,25.2,0,0.227981037,13.1,4.315816719,224,240,10,3.855185,19.8,7110,167,738,0,0.456277538
Solapur,526,88.5,0,0.189024443,0.188949419,0.652203737,3.231910102,21.2,110,0.651873124,0.9074833,0.515380311,54.7,13900,304,376,0,10.7
Satara,527,42.4,0.180249322,80.6,0,8.726014272,141,30.5,65.3,1780,50.4,2.273387747,90.4,6380,100,1720,0,7.7066936
Pune,521,137,0.424662324,1.919903157,0.179337651,38.4,376,65.7,17.7,1720,102,7.06191094,112,11300,375,1430,0,18.3
Raigarh,520,260,0,2.537351051,1.074677872,79.7,402,45.9,15.5,2760,564,7.476600901,105,1180,67.9,1640,0.179489218,28.9
Ahmadnagar,522,119,0,1.177964292,0,3.681358135,42.7,26.3,10.5,93.1,4.617110836,1.613678386,18.1,15800,259,667,0,10.8
Bid,523,44.1,0,0,0,0,0.451074179,11.8,3.224804625,0.21678349,0.836618442,0.414082813,6.822693773,10700,208,27.2,0,6.321426841
Osmanabad,525,18.3,0,0,0,0,0.453997353,17.5,4.002311712,0,0.196971155,0,5.019260599,7300,192,20.7,0,11.4
Parbhani,513,21.6,0,0,0,0,0.458980515,6.37703795,0,0.892129029,0,1.282840083,4.199438062,5840,132,327,0,6.666429865
Latur,524,1.217890301,0,0,0,0,0.594531209,0.728512379,0.877848922,0,0,0,1.053435836,6610,133,1.259841185,0,3.242957903
Gulbarga,579,7.768720378,0,0.18963458,0,0.986325615,48,1.792360671,1.986609452,11.3,1.100214563,0.228126253,7.314195292,10600,188,52.1,0,6.990230674
Bijapur,557,89.5,0,0.632832511,0,0,1.297460795,19.3,215,1.049602655,0,3.533259103,9.637033956,9940,147,76.3,0,3.266345231
Yadgir,580,2.245376966,0,0,0,0,0.190360459,1.096819716,71.6,1.014918981,0.180842414,12.4,0.371786851,4990,28.9,172,0,0.269255744
Bidar,558,22.9,0,0,0,0,1.696414712,0.842845185,0.227325158,5.835770902,0.41679541,1.325174695,1.240145886,5250,122,25.1,0,10.2
Rangareddy,537,9.178915522,0,0,0,1.367896048,16.1,21.6,85.7,93.6,9.027396581,40.3,1.708340999,4800,377,2100,0,5.486569015
Medak,535,70.5,0,0,0,1.584898723,43.2,6.825273177,1.229706906,49.6,3.216887749,0.227581921,15.2,8160,118,1290,0,4.089588219
Hyderabad,536,1.015303342,0,0,0,0,0,0.227820578,0.08611494,0.166038406,0,0.799736024,0,2.462228624,166,5.158454578,0,1.802837175
Nizamabad,533,122,0,0.357551396,0,7.760536747,357,6.667765753,1.192294787,352,5.401140096,2.64943039,12.4,5970,74.4,995,0,2.197301847
Nanded,511,4.528208497,0,0.226002623,0,2.964046397,156,2.992883956,0.276744985,153,1.960027235,0.200225558,3.220111946,9190,189,891,0,1.667284862
Hingoli,512,32.9,0,0,0,0,0.879878958,5.248780711,0.468189429,0.567992969,0.187406533,2.200147679,5.981243547,4560,42.2,35.8,0,5.775043551
Jalna,514,10.5,0,0,0,0,0.471480821,3.140869577,0,0.186344102,0,0.450183574,0.187139106,7680,65,4.854087944,0,0.923436819
Buldana,500,4.827843058,0,0.233598184,0,2.281380807,32.2,5.188208152,0,233,1.445372491,1.023326989,1.709331972,8590,156,718,0,4.328990181
Washim,502,0.186497524,0,0,0,0,0.658460284,1.912243354,0,8.458711336,0,0,0,5130,40.2,18.2,0,0.858675815
Akola,501,2.171907639,0,0,0,0,5.007926519,4.661451346,0,38,0.463718599,0.417075072,0.186452871,4860,137,361,0,1.920504657
Yavatmal,510,53.5,0,0.233556318,0,2.527895521,249,15,0.467402529,592,0.373751231,1.090597795,3.737110579,11700,95.9,786,0,6.953709709
Amravati,503,31.9,0.417113237,0.008250688,0,50.4,1180,8.32232514,2.595812381,2110,4.679212246,1.159602645,7.999030767,7800,202,806,0,3.565945856
Wardha,504,24.7,0,0.177082521,0,3.929725903,69.3,15.6,0,392,1.902540327,0.46204001,11.9,5300,67.5,420,0,2.901148945
Burhanpur,467,0.416412905,0,0,0,5.944997996,27.9,3.294956642,0.879740093,786,0.927972734,1.925172041,0.23192959,1010,40,1320,0,1.93945221
Jalgaon,499,5.390870634,0,0.455641913,0,27,107,9.464565163,0.454472641,233,1.335378041,1.744825517,13.5,9610,321,1430,0,7.416763619
Dhule,498,0.567137534,0,0,0,2.254700621,19.5,9.375598597,7.021630397,178,10.7,14.4,1.220326082,5430,151,1360,0,5.579660588
Aurangabad,515,97.7,0,0.266377888,0,1.143962799,13.7,10.4,0.607908325,17.3,0.4592821,2.122939406,6.691407542,9430,140,389,0,8.849266302
Nashik,516,44.1,0,0.606127241,0,11.7,98,30.6,4.821037575,931,95.3,10.3,6.192505724,11700,232,2330,0,29.3
Thane,517,196,0,1.819313508,0.421523623,55.2,806,54.4,19.9,2520,729,19.9,66.1,1790,307,2930,0,32.3
The Dangs,489,0,0,0,0,43.3,645,0.232386514,1.702990895,797,86.3,0,0,103,1.460638662,85.2,0,0
Valsad,491,100,0.177391687,0,0,8.113078548,131,5.266949957,3.091095384,371,103,24.7,8.119051522,1370,64.2,803,0,6.056470689
Navsari,490,55.7,0,1.53461062,0,2.658451779,59.5,6.151095355,22.6,134,26.7,58.5,4.089487547,1370,45,437,0.187675433,7.336213442
Tapi,493,250,0,0.398724953,0.185395054,12.1,368,22.4,2.716136277,451,42.9,4.842521754,16.4,1240,25.3,703,0,13.3
Surat,492,47.1,0,0,0.407138898,9.014780167,163,4.951799888,18,113,12,70.3,6.91957067,3110,381,376,2.715801052,15.5
Dadra & Nagar Haveli,496,1.350605894,0,0,0,1.270275437,18.6,2.507762223,0,98.7,25.3,0.420225386,1.54304053,80,3.884552236,259,0,0.813889813
Daman,495,21.6,0,0,0,0.18650708,0.912223266,0.251759598,0,0.813924897,0,0.246439555,0,28.1,9.945584691,11.1,0,0.37288126
Diu,494,1.037703324,0,0.007371584,0.100697777,0,0.162849562,1.563214105,2.478953064,0.397852658,0,2.326494815,0.660095828,16.6,0.372250293,7.200528632,0,2.724184278
Mumbai Suburban,518,54.9,0,0.203808194,0,1.803727124,15.6,3.326324841,2.132868595,39.1,1.681946285,4.560944559,40.5,43.7,230,12.1,0,3.200184362
Mumbai,519,87.3,0,0,0,0,0,0,0.413930497,0.414071966,0,1.704279607,2.621107969,1.482706456,50.1,0,0,5.207685451
